cdr3aa	v_segments	j_segments	vj_segments
CAVGNTDKLIF	TRAV2	TRAJ34	TRAV2*TRAJ34
CAVRNTDKLIF	TRAV21	TRAJ34	TRAV21*TRAJ34
CAVNNTDKLIF	TRAV21	TRAJ34	TRAV21*TRAJ34
CAVQNTDKLIF	TRAV2	TRAJ34	TRAV2*TRAJ34
CALSQGGSEKLVF	TRAV9-2	TRAJ57	TRAV9-2*TRAJ57
CAVWNTDKLIF	TRAV2	TRAJ34	TRAV2*TRAJ34
CALSAQGGSEKLVF	TRAV9-2	TRAJ57	TRAV9-2*TRAJ57
CAVHNTDKLIF	TRAV21	TRAJ34	TRAV21*TRAJ34
CAVTPQGGSEKLVF	TRAV21	TRAJ57	TRAV21*TRAJ57
CAVPNTDKLIF	TRAV2	TRAJ34	TRAV2*TRAJ34
CAVKNTDKLIF	TRAV2	TRAJ34	TRAV2*TRAJ34
CALSSGSARQLTF	TRAV21	TRAJ22	TRAV21*TRAJ22
CAVLNTDKLIF	TRAV2	TRAJ34	TRAV2*TRAJ34
CAVDNTDKLIF	TRAV21	TRAJ34	TRAV21*TRAJ34
CAGSQGGSEKLVF	TRAV35	TRAJ57	TRAV35*TRAJ57
CAVGPNTDKLIF	TRAV21	TRAJ34	TRAV21*TRAJ34
CALSPQGGSEKLVF	TRAV9-2	TRAJ57	TRAV9-2*TRAJ57
CAMNTDKLIF	TRAV21	TRAJ34	TRAV21*TRAJ34
CALSRQGGSEKLVF	TRAV9-2	TRAJ57	TRAV9-2*TRAJ57
CAGGTQGGSEKLVF	TRAV27	TRAJ57	TRAV27*TRAJ57
CAVNPQGGSEKLVF	TRAV21	TRAJ57	TRAV21*TRAJ57
CAGNTDKLIF	TRAV21	TRAJ34	TRAV21*TRAJ34
CAVLPQGGSEKLVF	TRAV21	TRAJ57	TRAV21*TRAJ57
CALPSGSARQLTF	TRAV6	TRAJ22	TRAV6*TRAJ22
CALSDQGGSEKLVF	TRAV9-2	TRAJ57	TRAV9-2*TRAJ57
CAVRPQGGSEKLVF	TRAV21	TRAJ57	TRAV21*TRAJ57
CAFNTDKLIF	TRAV21	TRAJ34	TRAV21*TRAJ34
CALSTQGGSEKLVF	TRAV9-2	TRAJ57	TRAV9-2*TRAJ57
CAVNTDKLIF	TRAV21	TRAJ34	TRAV21*TRAJ34
CAVEDPNTDKLIF	TRAV2	TRAJ34	TRAV2*TRAJ34
CADNTDKLIF	TRAV21	TRAJ34	TRAV21*TRAJ34
CALSPSGSARQLTF	TRAV6	TRAJ22	TRAV6*TRAJ22
CAVSPYNTDKLIF	TRAV21	TRAJ34	TRAV21*TRAJ34
CAVEDYNTDKLIF	TRAV2	TRAJ34	TRAV2*TRAJ34
CAVDTGANSKLTF	TRAV21	TRAJ56	TRAV21*TRAJ56
CAVLTQGGSEKLVF	TRAV21	TRAJ57	TRAV21*TRAJ57
CALHSGSARQLTF	TRAV6	TRAJ22	TRAV6*TRAJ22
CAGLTQGGSEKLVF	TRAV35	TRAJ57	TRAV35*TRAJ57
CATDGETSGSRLTF	TRAV17	TRAJ58	TRAV17*TRAJ58
CATKETSGSRLTF	TRAV17	TRAJ58	TRAV17*TRAJ58
CAGVQGGSEKLVF	TRAV27	TRAJ57	TRAV27*TRAJ57
CAVRGAGNNRKLIW	TRAV21	TRAJ38	TRAV21*TRAJ38
CAVATGANSKLTF	TRAV21	TRAJ56	TRAV21*TRAJ56
CAGVTQGGSEKLVF	TRAV35	TRAJ57	TRAV35*TRAJ57
CAVSLTQGGSEKLVF	TRAV21	TRAJ57	TRAV21*TRAJ57
CAGIQGGSEKLVF	TRAV27	TRAJ57	TRAV27*TRAJ57
CALNSGSARQLTF	TRAV6	TRAJ22	TRAV6*TRAJ22
CAVGLNTDKLIF	TRAV2	TRAJ34	TRAV2*TRAJ34
CAPNTDKLIF	TRAV21	TRAJ34	TRAV21*TRAJ34
CAVAPYNTDKLIF	TRAV21	TRAJ34	TRAV21*TRAJ34
CALSGQGGSEKLVF	TRAV9-2	TRAJ57	TRAV9-2*TRAJ57
CAGRTQGGSEKLVF	TRAV35	TRAJ57	TRAV35*TRAJ57
CALIQGGSEKLVF	TRAV9-2	TRAJ57	TRAV9-2*TRAJ57
CATDEETSGSRLTF	TRAV17	TRAJ58	TRAV17*TRAJ58
CAGQTQGGSEKLVF	TRAV35	TRAJ57	TRAV35*TRAJ57
CARTQGGSEKLVF	TRAV21	TRAJ57	TRAV21*TRAJ57
CAVRNAGNNRKLIW	TRAV21	TRAJ38	TRAV21*TRAJ38
CATDRETSGSRLTF	TRAV17	TRAJ58	TRAV17*TRAJ58
CALRGGSARQLTF	TRAV21	TRAJ22	TRAV21*TRAJ22
CAGLQGGSEKLVF	TRAV27	TRAJ57	TRAV27*TRAJ57
CAGATQGGSEKLVF	TRAV27	TRAJ57	TRAV27*TRAJ57
CAGHQGGSEKLVF	TRAV35	TRAJ57	TRAV35*TRAJ57
CAANTDKLIF	TRAV21	TRAJ34	TRAV21*TRAJ34
CAGETQGGSEKLVF	TRAV27	TRAJ57	TRAV27*TRAJ57
CALDSGSARQLTF	TRAV6	TRAJ22	TRAV6*TRAJ22
CAVRTQGGSEKLVF	TRAV21	TRAJ57	TRAV21*TRAJ57
CAVRTDKLIF	TRAV21	TRAJ34	TRAV21*TRAJ34
CAVTNAGNNRKLIW	TRAV21	TRAJ38	TRAV21*TRAJ38
CAVRGSYNTDKLIF	TRAV21	TRAJ34	TRAV21*TRAJ34
CAVEDHNTDKLIF	TRAV2	TRAJ34	TRAV2*TRAJ34
CAVITGANSKLTF	TRAV21	TRAJ56	TRAV21*TRAJ56
CAVTTGANSKLTF	TRAV21	TRAJ56	TRAV21*TRAJ56
CALSSQGGSEKLVF	TRAV9-2	TRAJ57	TRAV9-2*TRAJ57
CAVGTDKLIF	TRAV2	TRAJ34	TRAV2*TRAJ34
CALRTQGGSEKLVF	TRAV9-2	TRAJ57	TRAV9-2*TRAJ57
CAVYNAGNNRKLIW	TRAV21	TRAJ38	TRAV21*TRAJ38
CATDVETSGSRLTF	TRAV17	TRAJ58	TRAV17*TRAJ58
CAVVTGANSKLTF	TRAV21	TRAJ56	TRAV21*TRAJ56
CAVPTGANSKLTF	TRAV21	TRAJ56	TRAV21*TRAJ56
CAVETDKLIF	TRAV2	TRAJ34	TRAV2*TRAJ34
CAVTSYNTDKLIF	TRAV2	TRAJ34	TRAV2*TRAJ34
CALLTQGGSEKLVF	TRAV9-2	TRAJ57	TRAV9-2*TRAJ57
CALRPGSARQLTF	TRAV6	TRAJ22	TRAV6*TRAJ22
CAGFQGGSEKLVF	TRAV35	TRAJ57	TRAV35*TRAJ57
CAVEDQNTDKLIF	TRAV2	TRAJ34	TRAV2*TRAJ34
CAPYNTDKLIF	TRAV2	TRAJ34	TRAV2*TRAJ34
CAGAQGGSEKLVF	TRAV21	TRAJ57	TRAV21*TRAJ57
CAVDRNTDKLIF	TRAV2	TRAJ34	TRAV2*TRAJ34
CATDAGTSGSRLTF	TRAV17	TRAJ58	TRAV17*TRAJ58
CAPKETSGSRLTF	TRAV21	TRAJ58	TRAV21*TRAJ58
CAVGTGANSKLTF	TRAV21	TRAJ56	TRAV21*TRAJ56
CAVEPYNTDKLIF	TRAV2	TRAJ34	TRAV2*TRAJ34
CATDQETSGSRLTF	TRAV17	TRAJ58	TRAV17*TRAJ58
CATDAETSGSRLTF	TRAV17	TRAJ58	TRAV17*TRAJ58
CAVGDNTDKLIF	TRAV2	TRAJ34	TRAV2*TRAJ34
CAVDTDKLIF	TRAV21	TRAJ34	TRAV21*TRAJ34
CAVGYNTDKLIF	TRAV2	TRAJ34	TRAV2*TRAJ34
CAVRTGANSKLTF	TRAV21	TRAJ56	TRAV21*TRAJ56
CAVLNAGNNRKLIW	TRAV21	TRAJ38	TRAV21*TRAJ38
CAVKTGANSKLTF	TRAV21	TRAJ56	TRAV21*TRAJ56
CAVESYNTDKLIF	TRAV2	TRAJ34	TRAV2*TRAJ34
CAASYSGSARQLTF	TRAV21	TRAJ22	TRAV21*TRAJ22
CAVFNAGNNRKLIW	TRAV21	TRAJ38	TRAV21*TRAJ38
CAGGQGGSEKLVF	TRAV27	TRAJ57	TRAV27*TRAJ57
CAVRDAGNNRKLIW	TRAV21	TRAJ38	TRAV21*TRAJ38
CARISSGSARQLTF	TRAV6	TRAJ22	TRAV6*TRAJ22
CAVYTDKLIF	TRAV21	TRAJ34	TRAV21*TRAJ34
CAVRRAGNNRKLIW	TRAV21	TRAJ38	TRAV21*TRAJ38
CALPPSGSARQLTF	TRAV6	TRAJ22	TRAV6*TRAJ22
CAVFTDKLIF	TRAV21	TRAJ34	TRAV21*TRAJ34
CAVKETSGSRLTF	TRAV21	TRAJ58	TRAV21*TRAJ58
CAVGFNTDKLIF	TRAV2	TRAJ34	TRAV2*TRAJ34
CAAPQGGSEKLVF	TRAV21	TRAJ57	TRAV21*TRAJ57
CAVGSYNTDKLIF	TRAV2	TRAJ34	TRAV2*TRAJ34
CAVSTGANSKLTF	TRAV21	TRAJ56	TRAV21*TRAJ56
CAPPQGGSEKLVF	TRAV21	TRAJ57	TRAV21*TRAJ57
CALSFSGSARQLTF	TRAV6	TRAJ22	TRAV6*TRAJ22
CAAYNTDKLIF	TRAV2	TRAJ34	TRAV2*TRAJ34
CAVGRETSGSRLTF	TRAV21	TRAJ58	TRAV21*TRAJ58
CALRQGGSEKLVF	TRAV9-2	TRAJ57	TRAV9-2*TRAJ57
CAVDSQGGSEKLVF	TRAV21	TRAJ57	TRAV21*TRAJ57
CAAAYNTDKLIF	TRAV21	TRAJ34	TRAV21*TRAJ34
CAVEDNNTDKLIF	TRAV2	TRAJ34	TRAV2*TRAJ34
CAGRQGGSEKLVF	TRAV35	TRAJ57	TRAV35*TRAJ57
CAVSTDKLIF	TRAV2	TRAJ34	TRAV2*TRAJ34
CAVTQGGSEKLVF	TRAV35	TRAJ57	TRAV35*TRAJ57
CAVEQETSGSRLTF	TRAV21	TRAJ58	TRAV21*TRAJ58
CAVAGNNRKLIW	TRAV21	TRAJ38	TRAV21*TRAJ38
CALLSGSARQLTF	TRAV6	TRAJ22	TRAV6*TRAJ22
CAALTQGGSEKLVF	TRAV35	TRAJ57	TRAV35*TRAJ57
CAVEDRDTDKLIF	TRAV2	TRAJ34	TRAV2*TRAJ34
CAGQQGGSEKLVF	TRAV35	TRAJ57	TRAV35*TRAJ57
CAGYQGGSEKLVF	TRAV27	TRAJ57	TRAV27*TRAJ57
CAVPPYNTDKLIF	TRAV21	TRAJ34	TRAV21*TRAJ34
CAVRGGSARQLTF	TRAV21	TRAJ22	TRAV21*TRAJ22
CALASGSARQLTF	TRAV6	TRAJ22	TRAV6*TRAJ22
CATRETSGSRLTF	TRAV17	TRAJ58	TRAV17*TRAJ58
CASTQGGSEKLVF	TRAV35	TRAJ57	TRAV35*TRAJ57
CAVRLQGGSEKLVF	TRAV21	TRAJ57	TRAV21*TRAJ57
CALSTGANSKLTF	TRAV21	TRAJ56	TRAV21*TRAJ56
CAGGSEKLVF	TRAV21	TRAJ57	TRAV21*TRAJ57
CAVYTGANSKLTF	TRAV21	TRAJ56	TRAV21*TRAJ56
CAVGTQGGSEKLVF	TRAV21	TRAJ57	TRAV21*TRAJ57
CAGLYNTDKLIF	TRAV21	TRAJ34	TRAV21*TRAJ34
CAGPTQGGSEKLVF	TRAV27	TRAJ57	TRAV27*TRAJ57
CAVETGANSKLTF	TRAV21	TRAJ56	TRAV21*TRAJ56
CAVVPSGSARQLTF	TRAV21	TRAJ22	TRAV21*TRAJ22
CATGTSGSRLTF	TRAV17	TRAJ58	TRAV17*TRAJ58
CAGRRGGSEKLVF	TRAV35	TRAJ57	TRAV35*TRAJ57
CAVASYNTDKLIF	TRAV21	TRAJ34	TRAV21*TRAJ34
CATSSGSARQLTF	TRAV21	TRAJ22	TRAV21*TRAJ22
CAVEDRNTDKLIF	TRAV2	TRAJ34	TRAV2*TRAJ34
CAVSTQGGSEKLVF	TRAV21	TRAJ57	TRAV21*TRAJ57
CALSRGSARQLTF	TRAV21	TRAJ22	TRAV21*TRAJ22
CAVHTGANSKLTF	TRAV21	TRAJ56	TRAV21*TRAJ56
CAVRPNAGNNRKLIW	TRAV21	TRAJ38	TRAV21*TRAJ38
CALSEQGGSEKLVF	TRAV9-2	TRAJ57	TRAV9-2*TRAJ57
CAVPPQGGSEKLVF	TRAV21	TRAJ57	TRAV21*TRAJ57
CAARDTDKLIF	TRAV2	TRAJ34	TRAV2*TRAJ34
CAVAPSGSARQLTF	TRAV21	TRAJ22	TRAV21*TRAJ22
CAVRAQGGSEKLVF	TRAV21	TRAJ57	TRAV21*TRAJ57
CALKGGSEKLVF	TRAV9-2	TRAJ57	TRAV9-2*TRAJ57
CAGYNAGNNRKLIW	TRAV21	TRAJ38	TRAV21*TRAJ38
CAVITQGGSEKLVF	TRAV21	TRAJ57	TRAV21*TRAJ57
CAVSDTDKLIF	TRAV21	TRAJ34	TRAV21*TRAJ34
CALNQGGSEKLVF	TRAV9-2	TRAJ57	TRAV9-2*TRAJ57
CQGGSEKLVF	TRAV27	TRAJ57	TRAV27*TRAJ57
CAVIGTSGSRLTF	TRAV21	TRAJ58	TRAV21*TRAJ58
CAVSGSARQLTF	TRAV21	TRAJ22	TRAV21*TRAJ22
CAGNAGNNRKLIW	TRAV21	TRAJ38	TRAV21*TRAJ38
CAVTTDKLIF	TRAV21	TRAJ34	TRAV21*TRAJ34
CALRGQGGSEKLVF	TRAV9-2	TRAJ57	TRAV9-2*TRAJ57
CAVEDGNTDKLIF	TRAV2	TRAJ34	TRAV2*TRAJ34
CAVRADKLIF	TRAV21	TRAJ34	TRAV21*TRAJ34
CAVRETSGSRLTF	TRAV21	TRAJ58	TRAV21*TRAJ58
CAVETQGGSEKLVF	TRAV21	TRAJ57	TRAV21*TRAJ57
CALSPGSARQLTF	TRAV6	TRAJ22	TRAV6*TRAJ22
CAVRGSARQLTF	TRAV21	TRAJ22	TRAV21*TRAJ22
CALSISSGSARQLTF	TRAV6	TRAJ22	TRAV6*TRAJ22
CAGARGGSEKLVF	TRAV27	TRAJ57	TRAV27*TRAJ57
CAPAQGGSEKLVF	TRAV21	TRAJ57	TRAV21*TRAJ57
CAVVPYNTDKLIF	TRAV2	TRAJ34	TRAV2*TRAJ34
CAVNAGNNRKLIW	TRAV21	TRAJ38	TRAV21*TRAJ38
CAGGNTDKLIF	TRAV2	TRAJ34	TRAV2*TRAJ34
CAVGGGGSEKLVF	TRAV21	TRAJ57	TRAV21*TRAJ57
CAAPISSGSARQLTF	TRAV21	TRAJ22	TRAV21*TRAJ22
CAVRRRETSGSRLTF	TRAV21	TRAJ58	TRAV21*TRAJ58
CAVRGQGGSEKLVF	TRAV21	TRAJ57	TRAV21*TRAJ57
CAVRRETSGSRLTF	TRAV21	TRAJ58	TRAV21*TRAJ58
CALSASGSARQLTF	TRAV6	TRAJ22	TRAV6*TRAJ22
CAAREETSGSRLTF	TRAV21	TRAJ58	TRAV21*TRAJ58
CAASRYNTDKLIF	TRAV21	TRAJ34	TRAV21*TRAJ34
CATAETSGSRLTF	TRAV17	TRAJ58	TRAV17*TRAJ58
CAPRSYNTDKLIF	TRAV21	TRAJ34	TRAV21*TRAJ34
CAGREETSGSRLTF	TRAV21	TRAJ58	TRAV21*TRAJ58
CALEETSGSRLTF	TRAV21	TRAJ58	TRAV21*TRAJ58
CAVRQETSGSRLTF	TRAV21	TRAJ58	TRAV21*TRAJ58
CAVNPDKLIF	TRAV21	TRAJ34	TRAV21*TRAJ34
CAVSGGSARQLTF	TRAV21	TRAJ22	TRAV21*TRAJ22
CAVTSQGGSEKLVF	TRAV21	TRAJ57	TRAV21*TRAJ57
