	lenght	n_cluster
CASSRQGATNEKLFF	15	2_cluster
CASSLEETQYF	11	outliers
CASSTVNTEAFF	12	outliers
CASSSSGNTGELFF	14	0_cluster
CASSPRDRANYGYTF	15	outliers
CASSLVGVTEAFF	13	outliers
CASSQEPGNTEAFF	14	outliers
CASSLGGTGNQPQHF	15	outliers
CASSPGQGNEQFF	13	outliers
CASSLGQGAGQPQHF	15	outliers
CASSLPGQNTEAFF	14	0_cluster
CASSETGNTEAFF	13	outliers
CASSQNEKLFF	11	outliers
CASSQGTGSYEQYF	14	outliers
CASSVGGVSGNTIYF	15	outliers
CASSPASSGNTIYF	14	outliers
CASSLQGSYEQYF	13	outliers
CASSRTANTEAFF	13	outliers
CASSHRNTEAFF	12	outliers
CASSFGQGSGNTIYF	15	outliers
CASSQVRGYEQYF	13	outliers
CASSFRGDYGYTF	13	outliers
CASSRTSGGQETQYF	15	outliers
CASRGTGNTGELFF	14	outliers
CASSTTVNTEAFF	13	outliers
CASSPNQETQYF	12	outliers
CASSLDPNSPLHF	13	outliers
CASSSTANTEAFF	13	outliers
CASSPASSYEQYF	13	outliers
CASSSTGVGQPQHF	14	outliers
CASSLTGNNSPLHF	14	outliers
CASSRDGPYEQYF	13	0_cluster
CASSEAGYEQYF	12	outliers
CASSRDRGDEKLFF	14	outliers
CASSLGGSNTEAFF	14	outliers
CASSLGGGTNEKLFF	15	outliers
CASSLDRTNYGYTF	14	outliers
CASSPRQGSTEAFF	14	1_cluster
CASSLDGNSNQPQHF	15	outliers
CASSETENTEAFF	13	outliers
CASSPGSPYEQYF	13	outliers
CASSAGQGSYEQYF	14	6_cluster
CASRGGTEAFF	11	outliers
CASSLVYEQYF	11	outliers
CASSSTGGETQYF	13	outliers
CASSLFGGNTEAFF	14	outliers
CASSVGGSYNEQFF	14	outliers
CASSLDANQPQHF	13	outliers
CASSRGSGNTIYF	13	1_cluster
CASSPTGGTEAFF	13	0_cluster
CASSLAGAMNTEAFF	15	outliers
CASSPGQGRQPQHF	14	outliers
CASSLQGSSGNTIYF	15	outliers
CASSFGGTNEKLFF	14	1_cluster
CASSLKENTEAFF	13	outliers
CASSLLAGGPTDTQYF	16	outliers
CASRTGGYGYTF	12	outliers
CASSLGGYNEQFF	13	outliers
CASSLGGFSGNTIYF	15	outliers
CASSLVGNSPLHF	13	outliers
CASSLSGQETQYF	13	2_cluster
CASGDYGYTF	10	3_cluster
CASSSSGGSYNEQFF	15	4_cluster
CASSQSPGGTQYF	13	outliers
CASSDQGGTEAFF	13	2_cluster
CASSVNSNQPQHF	13	2_cluster
CASSLGQGNYGYTF	14	2_cluster
CASSLAPGNTIYF	13	4_cluster
CASSLRLQETQYF	13	3_cluster
CASSRGQGNYGYTF	14	5_cluster
CASSLPGSYEQYF	13	1_cluster
CASSLAGTGAYEQYF	15	6_cluster
CSAQTGTNQPQHF	13	0_cluster
CASSLDRSTEAFF	13	5_cluster
CASSEGGSYEQYF	13	5_cluster
CSATTGVNQPQHF	13	outliers
CASSRDRAYEQYF	13	0_cluster
CASSLGQNNSPLHF	14	0_cluster
CASSAGTEAFF	11	0_cluster
CSARQGNYGYTF	12	outliers
CASSGGSSYEQYF	13	3_cluster
CASSTGYEQYF	11	3_cluster
CASSLAGGLNTEAFF	15	9_cluster
CASSIGQGNSPLHF	14	11_cluster
CASSLGGGGYEQYF	14	8_cluster
CASSPGTDYEQYF	13	4_cluster
CASSLTGYTEAFF	13	5_cluster
CASRTGYGYTF	11	2_cluster
CASSTGAYGYTF	12	2_cluster
CASSLSRLNTEAFF	14	3_cluster
CASSLEANYGYTF	13	outliers
CASSRSYEQYF	11	3_cluster
CASSPRGGNQPQHF	14	3_cluster
CASRLAGGPYNEQFF	15	5_cluster
CASSPGLNTEAFF	13	outliers
CASSPARETQYF	12	outliers
CASSFTANTEAFF	13	7_cluster
CASSDRATGELFF	13	5_cluster
CASSLKGDTEAFF	13	2_cluster
CASSLAGQGNSPLHF	15	outliers
CASSLTGVTEAFF	13	3_cluster
CASSLGQGADTQYF	14	outliers
CASSPTYNEQFF	12	outliers
CASSLVEGTEAFF	13	3_cluster
CASSLRRSSYNEQFF	15	3_cluster
CASSLDRGYGYTF	13	3_cluster
CASSLGQLNQPQHF	14	3_cluster
CASSAGRNTEAFF	13	outliers
CASSLQGTNTGELFF	15	2_cluster
CASSEDRGDTEAFF	14	4_cluster
CASSYSTGSYEQYF	14	2_cluster
CASSPQGNTEAFF	13	outliers
CASSSQGSTDTQYF	14	2_cluster
CASSLGLTYEQYF	13	8_cluster
CASSPGLAGYEQYF	14	outliers
CASSLGQGNQPQHF	14	1_cluster
CASSRTGGTEAFF	13	3_cluster
CASSLDGYNSPLHF	14	5_cluster
CASRGTGNTEAFF	13	3_cluster
CASSLGQFYGYTF	13	6_cluster
CASSDRENTEAFF	13	5_cluster
CSARVGTATNEKLFF	15	outliers
CASSFRGEQYF	11	outliers
CASSAGDYGYTF	12	0_cluster
CASSETGGYGYTF	13	2_cluster
CASSFAGNTEAFF	13	3_cluster
CASSLDGFYGYTF	13	3_cluster
CASSSQGTEAFF	12	4_cluster
CASSLADSGNTIYF	14	2_cluster
CASSLYSGANVLTF	14	7_cluster
CASSLLGDTQYF	12	outliers
CASSLGGRYEQYF	13	outliers
CASSYNSNQPQHF	13	3_cluster
CASSLGDGYEQYF	13	4_cluster
CASSVGQGSYGYTF	14	3_cluster
CASSVDRNYGYTF	13	7_cluster
CASSLGLAYEQYF	13	outliers
CASSRDSSGNTIYF	14	outliers
CASSLQGTYEQYF	13	3_cluster
CASSPDSYEQYF	12	7_cluster
CASRDSGNTIYF	12	2_cluster
CASSQGQGQPQHF	13	5_cluster
CASSAGQNTEAFF	13	3_cluster
CASSLELGTEAFF	13	5_cluster
CASSLGVTEAFF	12	1_cluster
CASSLVGYEQYF	12	outliers
CASSLQGPNQPQHF	14	3_cluster
CASSLRGNQPQHF	13	3_cluster
CASSQRGGTEAFF	13	outliers
CASSQGGSYGYTF	13	outliers
CASSLGQDNSPLHF	14	5_cluster
CASSSGTAYEQYF	13	3_cluster
CSVGGGNTEAFF	12	2_cluster
CASSLQGADTEAFF	14	2_cluster
CASSPSGSSYNEQFF	15	3_cluster
CASSVQGAGNTIYF	14	7_cluster
CASKDSNQPQHF	12	outliers
CASSPGSSGNTIYF	14	2_cluster
CASRRSYNSPLHF	13	7_cluster
CASSRGQLNTEAFF	14	3_cluster
CASSGGTDTQYF	12	2_cluster
CASSPGRNTEAFF	13	4_cluster
CASSLTGANYGYTF	14	10_cluster
CASSPGLAGGYEQYF	15	2_cluster
CASSLGGQGVYGYTF	15	outliers
CASSLGQTEAFF	12	3_cluster
CASSLGSNQPQHF	13	2_cluster
CASSSSNYGYTF	12	3_cluster
CASSSGTGDEKLFF	14	outliers
CASSLTVSNQPQHF	14	outliers
CASSLSGGYGYTF	13	5_cluster
CASSLANQPQHF	12	outliers
CASSQTGGNSPLHF	14	outliers
CASSLRQGSYEQYF	14	0_cluster
CASSPWGNTEAFF	13	6_cluster
CASSPQGPYEQYF	13	0_cluster
CASSSGGYEQYF	12	outliers
CASSRTASYEQYF	13	0_cluster
CASSPQLNTEAFF	13	0_cluster
CASSIGGSNQPQHF	14	3_cluster
CASSPGTGGEKLFF	14	outliers
CASSPSGTYNEQFF	14	3_cluster
CASSRDRMNTEAFF	14	outliers
CASSFTGSYEQYF	13	outliers
CASSFGYEQYF	11	0_cluster
CASSLGPEAFF	11	0_cluster
CASSLEGSTEAFF	13	3_cluster
CASSIKGGTEAFF	13	outliers
CASSFGTGSYEQYF	14	4_cluster
CASSVGQNYGYTF	13	outliers
CASSFDRGQETQYF	14	outliers
CASSLAGQGNYGYTF	15	outliers
CASRTGGTEAFF	12	outliers
CASSLQENTEAFF	13	5_cluster
CASSLRTGGEKLFF	14	5_cluster
CASSLEGYGYTF	12	3_cluster
CASSPGQFNQPQHF	14	7_cluster
CASSLDGTYEQYF	13	5_cluster
CASSVEGNQPQHF	13	1_cluster
CASSLGTSGSNEQFF	15	3_cluster
CASSESPTSTDTQYF	15	3_cluster
CASSPQGSYEQYF	13	2_cluster
CASSPTGGDSPLHF	14	outliers
CASRQGGNSPLHF	13	3_cluster
CASSSQGYEQYF	12	3_cluster
CASSFSANTEAFF	13	2_cluster
CASSAGPNTEAFF	13	outliers
CASSYGTSSYEQYF	14	8_cluster
CASRLSSGNTIYF	13	5_cluster
CASSYANYGYTF	12	3_cluster
CASSLGQGGSPLHF	14	outliers
CASSLAGGTDTQYF	14	7_cluster
CASSRDGSYEQYF	13	9_cluster
CASSLAGTYGYTF	13	outliers
CASSPRTGTDTQYF	14	4_cluster
CASSSGPNTEAFF	13	0_cluster
CASSRGTGGNQPQHF	15	2_cluster
CASSTGTGGQPQHF	14	3_cluster
CASSPGTGYNSPLHF	15	outliers
CASSLGQGNTEAFF	14	2_cluster
CASSVSGSSYEQYF	14	3_cluster
CASSGSGNTIYF	12	2_cluster
CASSGGSSGNTIYF	14	3_cluster
CASSVGTGSYEQYF	14	7_cluster
CASSLTTNYGYTF	13	5_cluster
CASSVGRGTDTQYF	14	3_cluster
CASSIPGNTIYF	12	3_cluster
CASSLGSDQPQHF	13	outliers
CSAREETQYF	10	2_cluster
CASSLTSSGNTIYF	14	3_cluster
CASSPPSYEQYF	12	8_cluster
CASSYGTGGYEQYF	14	3_cluster
CASSPGRTYEQYF	13	3_cluster
CASSLGGLNTEAFF	14	3_cluster
CASSQLAGAYNEQFF	15	3_cluster
CASSSGQGGEKLFF	14	2_cluster
CASSLRQGDTGELFF	15	2_cluster
CASSVEGYEQYF	12	5_cluster
CASSLGGSYNSPLHF	15	3_cluster
CASSLGGNQPQHF	13	5_cluster
CASSRVNTEAFF	12	5_cluster
CASSEGRNTEAFF	13	6_cluster
CASRRTANTGELFF	14	outliers
CASSLVGSYEQYF	13	outliers
CASSLGNEKLFF	12	outliers
CASSAGTNTGELFF	14	3_cluster
CASSLAGRGNTIYF	14	3_cluster
CASSRDRSYEQYF	13	outliers
CASSLLSNQPQHF	13	3_cluster
CASSLQQNTEAFF	13	outliers
CASSLVDNEQFF	12	outliers
CSAREREYEQYF	12	outliers
CASSLWQNTEAFF	13	5_cluster
CASSFEGNYGYTF	13	3_cluster
CASSFRGGTEAFF	13	2_cluster
CASSLVPGTEAFF	13	4_cluster
CASSFRQGYGYTF	13	outliers
CASSTPYEQYF	11	outliers
CASSLGQGGEAFF	13	5_cluster
CASSRQGNYGYTF	13	5_cluster
CASSSGNSNQPQHF	14	1_cluster
CASSQTGGNQPQHF	14	outliers
CASSRGVSYEQYF	13	3_cluster
CASSYTGQGAEAFF	14	2_cluster
CASSQGGGNTIYF	13	5_cluster
CASSLAGGSYEQYF	14	3_cluster
CASSLRGGNTIYF	13	5_cluster
CASRGSYNSPLHF	13	5_cluster
CASSLRGDEQFF	12	3_cluster
CASSILGAANTGELFF	16	5_cluster
CSARDRTGNGYTF	13	2_cluster
CASSLLGYEQYF	12	2_cluster
CASSQEGSPLHF	12	outliers
CASSLGQDYEQYF	13	4_cluster
CASSAGYGYTF	11	6_cluster
CASSPDSPYEQYF	13	0_cluster
CASSPSGNQPQHF	13	0_cluster
CAWRRGGYTF	10	3_cluster
CASSLAGVSYEQYF	14	4_cluster
CASSLAGAYGYTF	13	5_cluster
CASSLGLSGANVLTF	15	outliers
CASSLFGEKLFF	12	4_cluster
CASSLAGVNEKLFF	14	4_cluster
CASSLWGQPQHF	12	2_cluster
CASSPDRNYGYTF	13	4_cluster
CASSRQGTEAFF	12	4_cluster
CASSLGLTEAFF	12	5_cluster
CATSRGNQPQHF	12	3_cluster
CASSLAQGYEQYF	13	3_cluster
CASSDRGYEQYF	12	5_cluster
CASSIGYSNQPQHF	14	5_cluster
CASSLGSTYEQYF	13	0_cluster
CASSLGTSNQPQHF	14	outliers
CSASSGHEQYF	11	3_cluster
CASSPDSSYEQYF	13	1_cluster
CASSRGGGTEAFF	13	2_cluster
CASSPPGSYNSPLHF	15	outliers
CASSPTGGQETQYF	14	outliers
CASSVGQGYGYTF	13	outliers
CASSWGGSYEQYF	13	outliers
CASSILGGNQPQHF	14	3_cluster
CASSPGGNTIYF	12	2_cluster
CASSLGQRNTEAFF	14	0_cluster
CASSYSTGNYGYTF	14	2_cluster
CASSVEGRGSYNEQFF	16	outliers
CASSLGQATNEKLFF	15	0_cluster
CASSLGLDQPQHF	13	outliers
CASSPGTGGNSPLHF	15	outliers
CSAKTSGRGETQYF	14	10_cluster
CASSSTGTGNTIYF	14	2_cluster
CASSLEGGSYEQYF	14	outliers
CASSQDYEQYF	11	outliers
CASSLGQRNQPQHF	14	outliers
CASSLDREAFF	11	outliers
CASRGDTDTQYF	12	outliers
CASSLGHSGNTIYF	14	outliers
CASSPRRGETQYF	13	0_cluster
CASSIDRGYEQYF	13	10_cluster
CASSLPGNQPQHF	13	outliers
CASSLRQGLNTEAFF	15	3_cluster
CASSPGGGSYEQYF	14	7_cluster
CASSSGTDNSPLHF	14	2_cluster
CASSLTVNQPQHF	13	outliers
CASSDSGNSPLHF	13	0_cluster
CASSLDGYEQYF	12	5_cluster
CSAQTGVNQPQHF	13	outliers
CASSVGDTEAFF	12	outliers
CASSLGYNQPQHF	13	7_cluster
CASSPDRAYEQYF	13	outliers
CASSWGQGPYEQYF	14	1_cluster
CASSLQGVGTEAFF	14	outliers
CASSLRENTEAFF	13	outliers
CASSLTGPTEAFF	13	outliers
CASSPSYNEQFF	12	7_cluster
CASSYSGTGSYEQYF	15	0_cluster
CASSRTDSYEQYF	13	outliers
CASSLPGYEQYF	12	outliers
CASSRDGYEQYF	12	3_cluster
CASSFQGGTEAFF	13	outliers
CASSPGLAGAYNEQFF	16	outliers
CASSLWGYEQYF	12	outliers
CASSAGTGGYEQYF	14	outliers
CASSRDRLNTEAFF	14	outliers
CASSLGGSYEQYF	13	9_cluster
CASSLDRNEQFF	12	outliers
CASSLGTGYNSPLHF	15	outliers
CASSLEGNSGNTIYF	15	0_cluster
CASSIGYEQYF	11	3_cluster
CASSLVGATEAFF	13	2_cluster
CASSLRQGYEQYF	13	outliers
CASRLQETQYF	11	outliers
CASRDRGNTEAFF	13	outliers
CASSETGYEQYF	12	0_cluster
CASSTGPNTEAFF	13	3_cluster
CASSEAYEQYF	11	outliers
CASSLGQNSPLHF	13	2_cluster
CASSSTGAGANVLTF	15	3_cluster
CASSLGGQPQHF	12	5_cluster
CASSPRGNTEAFF	13	outliers
CASSLGTSGPYEQYF	15	outliers
CASSPRQGNSPLHF	14	2_cluster
CASSLSTYNEQFF	13	3_cluster
CASSGGGYEQYF	12	3_cluster
CASSWTGNTEAFF	13	11_cluster
CASSLGQIYEQYF	13	3_cluster
CASSLVGRNTEAFF	14	3_cluster
CASSTDSYEQYF	12	2_cluster
CASSSGTEAFF	11	outliers
CASSSPGQGTYEQYF	15	3_cluster
CASSLGPNTEAFF	13	5_cluster
CASSLVRDTQYF	12	4_cluster
CASSLGTGSSGNTIYF	16	2_cluster
CASSLEGNQPQHF	13	3_cluster
CASSLGQENSPLHF	14	outliers
CASSLAGELFF	11	1_cluster
CASSRDYSYEQYF	13	5_cluster
CASSQLAGGSYNEQFF	16	2_cluster
CASSLLGNTEAFF	13	2_cluster
CASSEGGNYGYTF	13	8_cluster
CASSLNGNTEAFF	13	7_cluster
CASSPGTAYNSPLHF	15	2_cluster
CASSFQGSGNTIYF	14	1_cluster
CASSASSNQPQHF	13	7_cluster
CASSLDTGELFF	12	2_cluster
CASSTTGNTEAFF	13	7_cluster
CASSSGTGGNQPQHF	15	3_cluster
CASSFSGGNQPQHF	14	outliers
CASSQGSSYEQYF	13	3_cluster
CASSLNRGQPQHF	13	3_cluster
CASSQGTGNYGYTF	14	outliers
CASSFGQANTEAFF	14	2_cluster
CASSPDGYEQYF	12	2_cluster
CASSPRTANTGELFF	15	3_cluster
CASSLSTNYGYTF	13	3_cluster
CASSIGGNQPQHF	13	5_cluster
CASSLDRGNYGYTF	14	outliers
CASSPGRSYEQYF	13	outliers
CASSLAGGGQPQHF	14	2_cluster
CASSSGATNEKLFF	14	5_cluster
CASSRDYEQYF	11	5_cluster
CSARDWREETQYF	13	3_cluster
CASSLDRGYEQYF	13	outliers
CSARGEGNYGYTF	13	6_cluster
CASSLSGGEQYF	12	outliers
CASSQDRATEAFF	13	outliers
CASSPPGQGTDTQYF	15	0_cluster
CASSLGGAYEQYF	13	4_cluster
CASSKDRAYEQYF	13	8_cluster
CASSQGGEQYF	11	8_cluster
CASSLGSSSYEQYF	14	outliers
CASRRGTGELFF	12	5_cluster
CASSLSGGYEQYF	13	0_cluster
CASSQGGSYEQYF	13	3_cluster
CASSYSGGEQYF	12	2_cluster
CASSQAGMNTEAFF	14	outliers
CASSLGQVNSPLHF	14	outliers
CASSVGPNTEAFF	13	outliers
CASSYGTEAFF	11	5_cluster
CASSAGGDQPQHF	13	3_cluster
CASSARQGNTEAFF	14	outliers
CASSPGTGGSYEQYF	15	4_cluster
CASSSGLAAYNEQFF	15	3_cluster
CASSPRTGGYEQYF	14	1_cluster
CASSPGQGVYEQYF	14	outliers
CASSLSGTGNTIYF	14	outliers
CASSLGLNYEQYF	13	3_cluster
CASSPQGTGNTIYF	14	5_cluster
CASSLSGQGNSPLHF	15	outliers
CASSPGQNNQPQHF	14	3_cluster
CASSLGGQGSYEQYF	15	2_cluster
CASSLTGGNTEAFF	14	outliers
CASSLGFSYEQYF	13	3_cluster
CASSLGQGYEQYF	13	5_cluster
CASSLSSGSYEQYF	14	2_cluster
CASSQDRDSPLHF	13	outliers
CASSLAGSYEQYF	13	outliers
CASSPDSNQPQHF	13	3_cluster
CASSLGPNQPQHF	13	outliers
CASSPDRAYGYTF	13	2_cluster
CASSLGQGYEKLFF	14	5_cluster
CASSFPGGEQYF	12	2_cluster
CASSLGTENSPLHF	14	outliers
CASRLSGANVLTF	13	outliers
CASSLGGNSGNTIYF	15	outliers
CASSLEGSYEQYF	13	outliers
CASSTGLNTEAFF	13	outliers
CASSQDRTYEQYF	13	outliers
CASSLGGFYEQYF	13	outliers
CASSPGSGNTIYF	13	0_cluster
CASSSGTDYGYTF	13	7_cluster
CASSFSSYEQYF	12	7_cluster
CASSLLGSYEQYF	13	2_cluster
CASSKGYEQYF	11	outliers
CASSSGAGANVLTF	14	outliers
CASTGGYGYTF	11	7_cluster
CASSQGLAYEQYF	13	7_cluster
CASSPGASTDTQYF	14	4_cluster
CASSLAGGAYEQYF	14	10_cluster
CASSLPGNTIYF	12	outliers
CASSGGSYEQYF	12	3_cluster
CASSFGSYNSPLHF	14	3_cluster
CASSSDGYEQYF	12	7_cluster
CASSLSQGNYGYTF	14	7_cluster
CASSLVGGELFF	12	3_cluster
CASSQTSYEQYF	12	2_cluster
CASSFDRAYEQYF	13	outliers
CASSPANTEAFF	12	5_cluster
CASSPANYGYTF	12	5_cluster
CASSLFTDTQYF	12	outliers
CASSRTGSTEAFF	13	7_cluster
CASSRQGDSPLHF	13	3_cluster
CASSPRDSYEQYF	13	5_cluster
CASSLDGDSNQPQHF	15	5_cluster
CASSPGLAGAGELFF	15	3_cluster
CASSLTGNQPQHF	13	2_cluster
CASSPGAYGYTF	12	7_cluster
CASSLGGTEAFF	12	0_cluster
CASSLDRTGELFF	13	outliers
CASSGDTYEQYF	12	5_cluster
CASSPGRYEQYF	12	outliers
CASSLRTGQETQYF	14	7_cluster
CASSLGQGRQPQHF	14	2_cluster
CASSSGYEQYF	11	3_cluster
CASSLNEKLFF	11	3_cluster
CASSLAQSYEQYF	13	2_cluster
CASSPGLAYEQYF	13	3_cluster
CASSRTGDGYTF	12	2_cluster
CASSLDRATEAFF	13	outliers
CASSYDRGNTEAFF	14	outliers
CASSSTGGSGNTIYF	15	2_cluster
CASSRAYEQYF	11	7_cluster
CASSFGQGGYEQYF	14	8_cluster
CASSWDRGYEQYF	13	2_cluster
CASSLNGNQPQHF	13	9_cluster
CASSYSYEQYF	11	5_cluster
CASSPTGGGSPLHF	14	2_cluster
CASSEGTGGSYEQYF	15	outliers
CASSPGQGSYEQYF	14	7_cluster
CASSLTGNYEQYF	13	3_cluster
CASSQGQGDYEQYF	14	7_cluster
CASSRDGTYEQYF	13	3_cluster
CASSGDSSYEQYF	13	2_cluster
CASSGGQGNTEAFF	14	2_cluster
CASSLNRAGNTIYF	14	outliers
CASSLGQPYEQYF	13	0_cluster
CASSRGDYGYTF	12	3_cluster
CASSYSPPSGIYNEQFF	17	2_cluster
CASSATGGNQPQHF	14	6_cluster
CASSLAGGGNQPQHF	15	3_cluster
CASSLGLAYTDTQYF	15	2_cluster
CASSPGSSYEQYF	13	outliers
CASSRGGNSPLHF	13	outliers
CASSSTGATNEKLFF	15	3_cluster
CASSLGSYEQYF	12	outliers
CASSPRGGEKLFF	13	outliers
CASSLTGSTEAFF	13	7_cluster
CASSLDGYYGYTF	13	3_cluster
CASSLTVNTEAFF	13	outliers
CASSPRTGNEKLFF	14	2_cluster
CASSLGTGNEKLFF	14	5_cluster
CASSLAGTDYGYTF	14	2_cluster
CASSPPDRNTEAFF	14	outliers
CASSRDRNTEAFF	13	3_cluster
CASSPGTGNGYTF	13	2_cluster
CASRGGYGYTF	11	outliers
CASSLVVGTEAFF	13	outliers
CASTRGGNTEAFF	13	0_cluster
CASSPLNTGELFF	13	outliers
CASSPQGGNYGYTF	14	outliers
CASSPGQGTYEQYF	14	7_cluster
CASSLGGANTEAFF	14	8_cluster
CASSLAGAGTEAFF	14	outliers
CASRGEETQYF	11	0_cluster
CASSLGSYNSPLHF	14	outliers
CASRESSYNSPLHF	14	3_cluster
CASSLDGDTEAFF	13	5_cluster
CASSLVGGETQYF	13	outliers
CASSQGTGGSYEQYF	15	outliers
CASSPGFNQPQHF	13	8_cluster
CASRGTGSYEQYF	13	7_cluster
CASSLGLAGGRETQYF	16	outliers
CASSPSPYEQYF	12	3_cluster
CASSPGLAGSTDTQYF	16	7_cluster
CASSEGPNTEAFF	13	outliers
CASSLETGNTEAFF	14	2_cluster
CASSPGRSSYEQYF	14	outliers
CASSLGSSYEQYF	13	outliers
CASSLDGASGNTIYF	15	5_cluster
CASSPGTGDNSPLHF	15	outliers
CASSLDSYYGYTF	13	outliers
CASSLDRGLYGYTF	14	7_cluster
CASSFGAQPQHF	12	9_cluster
CSARGGYEQYF	11	outliers
CASSLGQRYEQYF	13	outliers
CASSISSGNTIYF	13	2_cluster
CASSLQGKNTEAFF	14	outliers
CASSLGDSYNEQFF	14	0_cluster
CASSPGAGNTIYF	13	7_cluster
CASSPGVGNTIYF	13	2_cluster
CASSLEVNTEAFF	13	2_cluster
CASSLETGSYEQYF	14	outliers
CASSLLTGNTEAFF	14	7_cluster
CSARSGFEQYF	11	3_cluster
CASSPGPSSYEQYF	14	3_cluster
CASSRDSSYEQYF	13	outliers
CASSSGQGAYGYTF	14	outliers
CASSLPGQGNSPLHF	15	outliers
CASSEGYEQYF	11	outliers
CASSPGGADTQYF	13	outliers
CASSLGGGYEQYF	13	10_cluster
CASSRTGDTEAFF	13	outliers
CASSLGQANSPLHF	14	3_cluster
CASSLEGYEQYF	12	outliers
CASSQGRENSPLHF	14	outliers
CASSLGYEQYF	11	outliers
CASSPNEKLFF	11	outliers
CASSPRTNTEAFF	13	8_cluster
CASSVRGNQPQHF	13	3_cluster
CASSQTGDYGYTF	13	4_cluster
CASSLAGGSGNTIYF	15	3_cluster
CASSLAETQYF	11	3_cluster
CASSLIGYEQYF	12	outliers
CASSPRQGDQPQHF	14	6_cluster
CASSQDRGYEQYF	13	7_cluster
CASSLGRNYEQYF	13	outliers
CASSRDSSNQPQHF	14	7_cluster
CASSQDRGSYEQYF	14	3_cluster
CASSPSGRGETQYF	14	2_cluster
CASSSTGNTEAFF	13	3_cluster
CASSSQGATEAFF	13	0_cluster
CASSIDRDTEAFF	13	outliers
CASSLGAGNYGYTF	14	4_cluster
CASSQDRGGNQPQHF	15	outliers
CASSLVSGTEAFF	13	outliers
CASSQGQNYGYTF	13	9_cluster
CASSKQGSTEAFF	13	10_cluster
CASSLLAGSYEQYF	14	9_cluster
CASSYGQGGTEAFF	14	outliers
CASSLGSQPQHF	12	3_cluster
CASSGANYGYTF	12	outliers
CASSYSTGNTEAFF	14	2_cluster
CASSFQGGNTEAFF	14	outliers
CASRRLNTEAFF	12	3_cluster
CASSPGTGDYGYTF	14	3_cluster
CASSVTANTEAFF	13	7_cluster
CASSSTGGTEAFF	13	outliers
CASSYGQGYEQYF	13	2_cluster
CASSLGPAYEQYF	13	5_cluster
CASSRNYEQYF	11	outliers
CASSLRGNEQYF	12	2_cluster
CASSLTGQPQHF	12	outliers
CASSGSYGYTF	11	4_cluster
CASSHGTEAFF	11	3_cluster
CASSFRDSYEQYF	13	outliers
CASSRRYEQYF	11	3_cluster
CASSTGSNQPQHF	13	outliers
CASSPGTEAFF	11	2_cluster
CASSYPNQPQHF	12	outliers
CASSWGQNYGYTF	13	outliers
CASSLGGLYEQYF	13	outliers
CASSLGQSYEQYF	13	3_cluster
CASSPLGNTEAFF	13	outliers
CASSLGQGANSPLHF	15	3_cluster
CASSLWGYGYTF	12	2_cluster
CASSLDLYEQYF	12	outliers
CASSLQSNQPQHF	13	outliers
CASSLGQGNSPLHF	14	3_cluster
CASSLGGPNTEAFF	14	3_cluster
CASSLGYNSPLHF	13	2_cluster
CSARGGGTEAFF	12	5_cluster
CASSPDRGYEQYF	13	outliers
CASSSGTGLNTEAFF	15	outliers
CASSLVRDTEAFF	13	3_cluster
CASSLYGNTEAFF	13	outliers
CASSLFGNQPQHF	13	6_cluster
CASSGGQGNSPLHF	14	0_cluster
CASSLSGPYEQYF	13	5_cluster
CASSLDRSYEQYF	13	outliers
CASSQVMNTEAFF	13	3_cluster
CASSFEGNQPQHF	13	6_cluster
CASSLGQPNSPLHF	14	2_cluster
CASSTGTGSYEQYF	14	3_cluster
CASSFSGGSYEQYF	14	6_cluster
CASSRGQGNSPLHF	14	3_cluster
CASSLGQGNNSPLHF	15	2_cluster
CASSLGQGVYGYTF	14	10_cluster
CASSPDRSYEQYF	13	outliers
CASTSGNTIYF	11	outliers
CASSRDSSSGNTIYF	15	outliers
CASSDRATNEKLFF	14	outliers
CASSLVRGYEQYF	13	outliers
CASSLEGRNTEAFF	14	outliers
CASSSTGGSYEQYF	14	outliers
CSATSGHEQYF	11	outliers
CASSLGGDTEAFF	13	outliers
CASSPRGSYEQYF	13	outliers
CASSSLGTEAFF	12	outliers
CASSAGGSYEQYF	13	outliers
CASSGDRNYGYTF	13	outliers
CASSLGPTEAFF	12	outliers
CASRQGDQPQHF	12	4_cluster
CASSLGRGNTEAFF	14	outliers
CATSRDRGPYEQYF	14	outliers
CASSLGNTGELFF	13	outliers
CASSRPNTEAFF	12	4_cluster
CASSYGYEQYF	11	outliers
CASSFGGNSPLHF	13	outliers
CASSDGTEAFF	11	outliers
CASSEGDYGYTF	12	outliers
CASSGQGNTEAFF	13	8_cluster
CASSDNYEQYF	11	0_cluster
CASSHNYGYTF	11	1_cluster
CASSLVGENQPQHF	14	outliers
CASSLRGVNTEAFF	14	outliers
CASSVGGNSPLHF	13	outliers
CASSRGDSYEQYF	13	9_cluster
CASSPGGQPQHF	12	0_cluster
CASSYPGSYEQYF	13	outliers
CSARDRGSYNSPLHF	15	10_cluster
CASSQDRYEQYF	12	outliers
CASRDRGRTEAFF	13	10_cluster
CASSYRGTGELFF	13	outliers
CASSLGRDYEQYF	13	3_cluster
CASSLAGVSGNTIYF	15	6_cluster
CASSSRGNQPQHF	13	8_cluster
CASSLDRAYEQYF	13	3_cluster
CASSLQGGNSPLHF	14	7_cluster
CASSRAGSSYEQYF	14	4_cluster
CASSLQGGYGYTF	13	7_cluster
CASSPGQAYEQYF	13	3_cluster
CASSFGLYNEQFF	13	2_cluster
CASSLLAGGQETQYF	15	6_cluster
CASSLSRGTEAFF	13	2_cluster
CASRLNEKLFF	11	outliers
CASSLGREKLFF	12	5_cluster
CASSLGQGTDTQYF	14	outliers
CASSPGVNSPLHF	13	outliers
CASSLGGNEKLFF	13	6_cluster
CASSQGQGNSPLHF	14	3_cluster
CASSRDGMNTEAFF	14	4_cluster
CASRGQMNTEAFF	13	7_cluster
CASSLAGVGTEAFF	14	3_cluster
CASSPTSGYEQYF	13	4_cluster
CASSLRGRNTEAFF	14	7_cluster
CASSLEGSTDTQYF	14	outliers
CASSLGQGAGNTIYF	15	outliers
CASSSDRAYEQYF	13	3_cluster
CASSQDRGNTEAFF	14	outliers
CASSRTLNTEAFF	13	3_cluster
CASSWTGGTEAFF	13	2_cluster
CASSSGGGQPQHF	13	4_cluster
CASSLGPLYEQYF	13	6_cluster
CSASSGHEAFF	11	3_cluster
CSARSGHEQYF	11	6_cluster
CASSLSGSYEQYF	13	3_cluster
CASSTGNSPLHF	12	3_cluster
CASSYGDYGYTF	12	2_cluster
CASSGDGYEQYF	12	3_cluster
CASSSPGQGNYGYTF	15	outliers
CASSLNGYEQYF	12	outliers
CASSYGQGGEKLFF	14	10_cluster
CASSLAGNYNEQFF	14	4_cluster
CASRTGTGNSPLHF	14	7_cluster
CASSLGQAYEQYF	13	3_cluster
CASRDRSYEQYF	12	outliers
CASSLDRVGNTIYF	14	outliers
CASSAGGSNQPQHF	14	outliers
CASSYQGTEAFF	12	8_cluster
CASSLDRVGTEAFF	14	3_cluster
CASSPGPSYEQYF	13	outliers
CASSPPGYGYTF	12	outliers
CASSFAYEQYF	11	3_cluster
CASSPRAGELFF	12	2_cluster
CASSLGQVNQPQHF	14	0_cluster
CASSLLYNEQFF	12	outliers
CAISDSNQPQHF	12	4_cluster
CASSLGGSNSPLHF	14	0_cluster
CASSSGTNYEQYF	13	3_cluster
CASSRTGPYEQYF	13	2_cluster
CASSLAGGGSYEQYF	15	2_cluster
CASSQSYEQYF	11	outliers
CASSLDRGLYEQYF	14	3_cluster
CASSVGGNQPQHF	13	outliers
CASSPTSGGYNEQFF	15	4_cluster
CASRGYSNQPQHF	13	0_cluster
CASSQNYEQYF	11	3_cluster
CASSLVDEQFF	11	outliers
CASSPPGQNYGYTF	14	outliers
CASSLGQSNQPQHF	14	3_cluster
CASSFDRGTEAFF	13	3_cluster
CASSYGQGSYEQYF	14	6_cluster
CASSYDYEQYF	11	outliers
CASSPSGRAYEQYF	14	3_cluster
CASSAANYGYTF	12	2_cluster
CASSYSGGQPQHF	13	outliers
CASSPAGKNTEAFF	14	outliers
CASSERGYEQYF	12	6_cluster
CASSLELAGGRDTQYF	16	outliers
CASSLAGGMNTEAFF	15	outliers
CASSSTTDTQYF	12	outliers
CASSPGTNNEQFF	13	0_cluster
CASSYGQNYGYTF	13	outliers
CASSLEGMNTEAFF	14	outliers
CASSPGTGNSPLHF	14	10_cluster
CASSLDGGYTF	11	outliers
CASSRDRDTEAFF	13	0_cluster
CASSERENTEAFF	13	outliers
CASSLGGGSYEQYF	14	outliers
CASSGQSYEQYF	12	outliers
CASSQGVGYTF	11	outliers
CSARTGGNQPQHF	13	0_cluster
CASSESGGNQPQHF	14	outliers
CASSPGGGNSPLHF	14	0_cluster
CASSPTSGGNTGELFF	16	3_cluster
CASSPGQTNEKLFF	14	outliers
CASSLQGGEQYF	12	2_cluster
CASSLGQFYEQYF	13	outliers
CASSPGGSSGNTIYF	15	9_cluster
CASSSLNEQFF	11	10_cluster
CASSLGSNSPLHF	13	4_cluster
CASSFGGQPQHF	12	3_cluster
CASSIDRNTEAFF	13	3_cluster
CASSLGQLNTEAFF	14	0_cluster
CASSLGGQGYEQYF	14	outliers
CASSLFGYEQYF	12	2_cluster
CASSSSYEQYF	11	5_cluster
CASSPLSYEQYF	12	outliers
CASSLGTAYEQYF	13	3_cluster
CASTGSYEQYF	11	2_cluster
CASSWGQGNQPQHF	14	outliers
CASSRTGATNEKLFF	15	5_cluster
CASSVDGANQPQHF	14	3_cluster
CASSLTPNTEAFF	13	outliers
CASSLGLSYEQYF	13	3_cluster
CASSLVSLNTEAFF	14	outliers
CASSLAGTANTEAFF	15	2_cluster
CASSEQGYGYTF	12	outliers
CASSLGTGGQPQHF	14	outliers
CASSLTGAGANVLTF	15	outliers
CASSFSNSPLHF	12	2_cluster
CASSQNYGYTF	11	3_cluster
CASSYSGGSYEQYF	14	outliers
CASSFSGGGQPQHF	14	4_cluster
CASSPRGAYEQYF	13	5_cluster
CASSMDSNQPQHF	13	5_cluster
CASSFSETQYF	11	1_cluster
CASSLAGDYGYTF	13	2_cluster
CASSLERDTEAFF	13	5_cluster
CASSSTGNYGYTF	13	3_cluster
CASSLGVNQPQHF	13	outliers
CSARTGDQPQHF	12	5_cluster
CASSLGASYEQYF	13	outliers
CASSFGTGGYEQYF	14	outliers
CASSLAGGLQETQYF	15	outliers
CASSPGQGANTEAFF	15	2_cluster
CASSGLNTGELFF	13	7_cluster
CASSWGQGSYEQYF	14	0_cluster
CASSPGNYGYTF	12	2_cluster
CASSLVGDTEAFF	13	5_cluster
CASSLGLAGGYEQYF	15	7_cluster
CASSQEGNQPQHF	13	2_cluster
CASSFPGYEQYF	12	4_cluster
CASSPRQGGEQYF	13	7_cluster
CASSLGQGSEKLFF	14	5_cluster
CASSLEGVGTEAFF	14	7_cluster
CASSLVGDSNQPQHF	15	3_cluster
CASSGTASGNTIYF	14	3_cluster
CASSLAAGGTEAFF	14	outliers
CASSLGTGAYGYTF	14	2_cluster
CASSQDGYEQYF	12	5_cluster
CASSLGQYYEQYF	13	outliers
CASSLAGAGEQYF	13	5_cluster
CASSRDGNSPLHF	13	5_cluster
CASSPGGANEKLFF	14	2_cluster
CASSGGLNTEAFF	13	1_cluster
CASSLSGGNTEAFF	14	7_cluster
CASSPGTGNQPQHF	14	outliers
CASSLVGQGNQPQHF	15	2_cluster
CASSRGYEQYF	11	2_cluster
CASSVTGLNTEAFF	14	5_cluster
CASSYLGTEAFF	12	outliers
CASSLGGNSPLHF	13	2_cluster
CASSPGPYGYTF	12	5_cluster
CASSSSGGNQPQHF	14	3_cluster
CASSFYNSPLHF	12	1_cluster
CASSLQNTEAFF	12	2_cluster
CASSSGTGSYEQYF	14	2_cluster
CASSLGQGDSPLHF	14	2_cluster
CASSFRGAYEQYF	13	outliers
CASTGNYGYTF	11	outliers
CASSQGTGNQPQHF	14	5_cluster
CASSFGQGPYEQYF	14	2_cluster
CASSLGARNTEAFF	14	8_cluster
CAWSVRSNQPQHF	13	outliers
CASSFFNEQFF	11	7_cluster
CASSLGVDTEAFF	13	outliers
CASSLVPYEQYF	12	3_cluster
CASSVGGGSTDTQYF	15	3_cluster
CASSAGTGSYEQYF	14	3_cluster
CASSLRQGMNTEAFF	15	2_cluster
CASSPGQGGNTEAFF	15	5_cluster
CASSRYYEQYF	11	7_cluster
CASSAGDSPLHF	12	1_cluster
CASSRLTDTQYF	12	8_cluster
CASSLDQNTEAFF	13	5_cluster
CASSKTGNTEAFF	13	outliers
CSARAGNTEAFF	12	outliers
CASSPAGSYNSPLHF	15	outliers
CASSLGFNYGYTF	13	outliers
CASSWDSYEQYF	12	outliers
CASSLGAAYEQYF	13	5_cluster
CASSPRDSSYEQYF	14	2_cluster
CASSYLQGNTEAFF	14	7_cluster
CASSWGSSYEQYF	13	1_cluster
CASSVTGGSGNTIYF	15	outliers
CASSPGQGSSPLHF	14	5_cluster
CASSQGGNTIYF	12	outliers
CASSLVNQPQHF	12	outliers
CASSLQNQPQHF	12	7_cluster
CASSVGGSYEQYF	13	7_cluster
CASSLAGTNEKLFF	14	8_cluster
CASSPQGSSYEQYF	14	outliers
CASSLTGGGQPQHF	14	10_cluster
CASSLSDYGYTF	12	3_cluster
CASSESYEQYF	11	outliers
CASSAGTGPYEQYF	14	7_cluster
CASSVGPSYEQYF	13	outliers
CASSLGQGSYGYTF	14	8_cluster
CASSPGQGSGYTF	13	3_cluster
CASSQTGNTEAFF	13	outliers
CASSPTGGNGYTF	13	outliers
CASSRDRGSYNEQFF	15	3_cluster
CASSLRDNYEQYF	13	5_cluster
CASSLDSSYEQYF	13	2_cluster
CASSQVGGYEQYF	13	5_cluster
CASSLRGLNTGELFF	15	5_cluster
CASSLTGGTEAFF	13	2_cluster
CASSLDRGSGNTIYF	15	6_cluster
CASSPGQGYGYTF	13	outliers
CASSPDSNSPLHF	13	0_cluster
CASSWGSGNTIYF	13	3_cluster
CASSRQGGTEAFF	13	5_cluster
CASSRTGSGNTIYF	14	outliers
CASSRTGTGSSYNSPLHF	18	8_cluster
CASSRQMNTEAFF	13	outliers
CASSRQGNQPQHF	13	outliers
CASSLGSSYGYTF	13	10_cluster
CASSSGRAYEQYF	13	outliers
CASSGGGNQPQHF	13	outliers
CASSPRTGGTEAFF	14	5_cluster
CASSLRPYEQYF	12	3_cluster
CASSLGTVSYEQYF	14	outliers
CASSFGTGGNQPQHF	15	outliers
CASSLGQGGYNEQFF	15	2_cluster
CASSPPFTDTQYF	13	outliers
CASSLQGYEQYF	12	7_cluster
CASSLARTDTQYF	13	3_cluster
CASSRQNTEAFF	12	7_cluster
CASSLGETQYF	11	3_cluster
CASSRGLNTEAFF	13	2_cluster
CASSLGGGSQPQHF	14	outliers
CASSYSGYEQYF	12	3_cluster
CASSPQTGSGNTIYF	15	0_cluster
CASSATGGTEAFF	13	8_cluster
CASSRRNTEAFF	12	outliers
CASSLAGANEQFF	13	outliers
CASSSSGTYEQYF	13	outliers
CASRTNTGELFF	12	outliers
CASSPAGANVLTF	13	0_cluster
CASSLSGQPQHF	12	3_cluster
CASSLLQNTEAFF	13	5_cluster
CASSLGAGGQPQHF	14	3_cluster
CASSYSGTGGYEQYF	15	outliers
CASSLRVNQPQHF	13	outliers
CASSPQGYEQYF	12	11_cluster
CASSLGQGLNTEAFF	15	0_cluster
CASSLGSDTQYF	12	5_cluster
CASSLAGNYEQYF	13	outliers
CASSFSGYEQYF	12	4_cluster
CASSLGQGSYEQYF	14	outliers
CASSQGYEQYF	11	2_cluster
CASSLAGMNTEAFF	14	2_cluster
CASSEGQGNSPLHF	14	outliers
CASSLEGDSPLHF	13	outliers
CASSLTGATEAFF	13	8_cluster
CASRRTGSYEQYF	13	outliers
CASSLNYNEQFF	12	outliers
CASSSPGQGSYEQYF	15	4_cluster
CASSLGADQPQHF	13	outliers
CASSLQGFTEAFF	13	7_cluster
CASSLAGRSYEQYF	14	outliers
CASSERGTGELFF	13	3_cluster
CASSPGTAYEQYF	13	2_cluster
CASSLGYGYTF	11	2_cluster
CASSLGQGNEQYF	13	outliers
CASSYLSYEQYF	12	3_cluster
CASSLTGNTEAFF	13	outliers
CASSRGVYEQYF	12	2_cluster
CASSLGGQGNQPQHF	15	outliers
CASSLSGTYEQYF	13	2_cluster
CASSPDGDQPQHF	13	7_cluster
CASSLQGNTEAFF	13	3_cluster
CASSPGGSTEAFF	13	outliers
CSARDGNTEAFF	12	3_cluster
CASSPGQGGYTF	12	3_cluster
CASSPGTVNSPLHF	14	2_cluster
CASSPGQPQETQYF	14	2_cluster
CASSSQQNTEAFF	13	8_cluster
CASSLGTNSPLHF	13	3_cluster
CASSQTGSGNTIYF	14	5_cluster
CASSTGQGNTEAFF	14	3_cluster
CASSQDGGTEAFF	13	11_cluster
CASSLGAGSSYEQYF	15	0_cluster
CASSRAGELFF	11	outliers
CASSRTANYGYTF	13	8_cluster
CASSSGLAGYEQYF	14	2_cluster
CASSPGGSSYEQYF	14	outliers
CASSLGGGNEKLFF	14	4_cluster
CASSWANTEAFF	12	outliers
CASSLGQLYEQYF	13	outliers
CASSRTGGYEQYF	13	8_cluster
CASSLVGGTEAFF	13	5_cluster
CASSLGGGNTIYF	13	outliers
CASRDRGNQPQHF	13	outliers
CASSPGGSYEQYF	13	5_cluster
CASSTGYYGYTF	12	5_cluster
CASSNRENTEAFF	13	10_cluster
CASSLRGGGQPQHF	14	7_cluster
CASSLVTGGTEAFF	14	outliers
CASSLDYNSPLHF	13	10_cluster
CASSLGGMNTEAFF	14	outliers
CASSLGLLNTEAFF	14	4_cluster
CASSGGAGQPQHF	13	7_cluster
CASSLGQGATNEKLFF	16	2_cluster
CASSFGGSYEQYF	13	outliers
CASSPHSYEQYF	12	5_cluster
CASSPSGDYGYTF	13	4_cluster
CASSWGGGNQPQHF	14	3_cluster
CASSQGREQYF	11	outliers
CASSPRQGYGYTF	13	2_cluster
CASSLGTTYEQYF	13	5_cluster
CASSLGGPNEKLFF	14	outliers
CASSPGQGRNTEAFF	15	5_cluster
CASSPGQGPYEQYF	14	2_cluster
CASSLTGVYEQYF	13	7_cluster
CASSQDRAQPQHF	13	5_cluster
CASSPGPNTEAFF	13	outliers
CASSLGGLSTDTQYF	15	8_cluster
CASSRTGGYNEQFF	14	5_cluster
CASSLEGLGTEAFF	14	3_cluster
CASSYNYEQYF	11	0_cluster
CASSIAGNTEAFF	13	outliers
CASSQGGAGELFF	13	5_cluster
CASSFGPNTEAFF	13	5_cluster
CASSQGLNQPQHF	13	3_cluster
CASSLGQSTDTQYF	14	3_cluster
CASSPGRNYGYTF	13	5_cluster
CASSQQGGNTEAFF	14	2_cluster
CASSQDRGGQPQHF	14	5_cluster
CASSSRVSYEQYF	13	3_cluster
CASSLLAGGSYEQYF	15	5_cluster
CASSSGQGTGELFF	14	outliers
CASSEGGNQPQHF	13	outliers
CASSLGTAGNTIYF	14	1_cluster
CASSLQGRNTEAFF	14	3_cluster
CASSLAGTGELFF	13	2_cluster
CASSLGNNQPQHF	13	2_cluster
CASSLGGSEKLFF	13	5_cluster
CASSMGQGNSPLHF	14	4_cluster
CASSFSNYGYTF	12	5_cluster
CASSTGTEAFF	11	outliers
CASSLGGHTEAFF	13	outliers
CASSQGTGYGYTF	13	5_cluster
CASSPGNSYEQYF	13	5_cluster
CASRSSYNSPLHF	13	5_cluster
CASSLGTYGYTF	12	1_cluster
CASSPRQGSYEQYF	14	5_cluster
CASSSRGYEQYF	12	outliers
CASSVDSYEQYF	12	outliers
CASSSGYGYTF	11	2_cluster
CASSLGINQPQHF	13	10_cluster
CASSLQGANYGYTF	14	5_cluster
CASSWGYEQYF	11	outliers
CASRPSSGNTIYF	13	5_cluster
CASSFQGYEQYF	12	1_cluster
CASSRDRGQETQYF	14	7_cluster
CASSQTGAGNTIYF	14	outliers
CASSLGISYEQYF	13	outliers
CASSLGRGYEQYF	13	3_cluster
CASSQGTSGNTIYF	14	3_cluster
CASSVQMNTEAFF	13	5_cluster
CASSLTGGYEQYF	13	3_cluster
CASSHGYEQYF	11	5_cluster
CASSTTGYEQYF	12	5_cluster
CASSGRGNQPQHF	13	2_cluster
CASSLAATYEQYF	13	outliers
CASSDGYEQYF	11	5_cluster
CASSFDSYEQYF	12	3_cluster
CASSLPGTYEQYF	13	6_cluster
CASSLEQGYEQYF	13	5_cluster
CASSLGQGNTGELFF	15	5_cluster
CASSLSSYNSPLHF	14	5_cluster
CASSLGGLGSPLHF	14	2_cluster
CASSLGRSYEQYF	13	2_cluster
CASSPGRNQPQHF	13	5_cluster
CASSLDSYTEAFF	13	3_cluster
CASSLLNQPQHF	12	outliers
CASSLGLAAYEQYF	14	5_cluster
CASSLEGNYGYTF	13	11_cluster
CASSLARSYEQYF	13	outliers
CASSLKGNQPQHF	13	5_cluster
CASSPGVSGANVLTF	15	0_cluster
CASSPGGYYGYTF	13	4_cluster
CASSSYNSPLHF	12	3_cluster
CASSLRQGSTDTQYF	15	2_cluster
CASSSGQGNSPLHF	14	2_cluster
CASSQGNRANTEAFF	15	3_cluster
CASSLGGRETQYF	13	2_cluster
CASSSGTVNSPLHF	14	5_cluster
CASRTGATNEKLFF	14	2_cluster
CASSDGGNQPQHF	13	5_cluster
CASSSDGNTEAFF	13	outliers
CASSLPGDTEAFF	13	2_cluster
CASSLAGGTNEKLFF	15	outliers
CASSRVGTEAFF	12	2_cluster
CASSLGRDGYTF	12	8_cluster
CSARDGGVYSNQPQHF	16	6_cluster
CASSLGLNQPQHF	13	5_cluster
CASSDRGGTEAFF	13	7_cluster
CASSSNYEQYF	11	outliers
CASSYTGQGAEQYF	14	7_cluster
CASSSTGSTEAFF	13	5_cluster
CASRQNTGELFF	12	outliers
CASSTTGYGYTF	12	7_cluster
CASSLRGADGYTF	13	5_cluster
CASSYSGLAGVYNEQFF	17	2_cluster
CASSLSGRNTEAFF	14	outliers
CASSPGSNQPQHF	13	outliers
CASSLISGNTIYF	13	3_cluster
CASSLAGNTEAFF	13	2_cluster
CASSLGLNTEAFF	13	3_cluster
CASSSGTANTEAFF	14	3_cluster
CASSLGDYNSPLHF	14	outliers
CSAREGTASTDTQYF	15	3_cluster
CASSEGPSYEQYF	13	outliers
CASSRQVNTEAFF	13	outliers
CASSVAYEQYF	11	1_cluster
CASSLGGGEKLFF	13	3_cluster
CASSVAGSSYEQYF	14	8_cluster
CASSYTGQGSGYTF	14	3_cluster
CASSLAGPNTEAFF	14	8_cluster
CASSLGPNTGELFF	14	outliers
CASSLLGGSYNEQFF	15	3_cluster
CASSLGQGFYNSPLHF	16	3_cluster
CASSFGQGSYEQYF	14	outliers
CASSFGSSYEQYF	13	3_cluster
CASSLGQTYGYTF	13	outliers
CASSRQGTNTGELFF	15	outliers
CASSLINSPLHF	12	4_cluster
CASSPGVNQPQHF	13	2_cluster
CASSLAGTGNTEAFF	15	7_cluster
CASSPTGAVQPQHF	14	4_cluster
CASRDRVNTEAFF	13	outliers
CASSLRGGYEQYF	13	outliers
CASSLSGPYNEQFF	14	2_cluster
CASSEGGSGNTIYF	14	3_cluster
CASSRQGSTGELFF	14	2_cluster
CASSPRGYEQYF	12	8_cluster
CASSPRPYEQYF	12	2_cluster
CASSRQSNQPQHF	13	outliers
CASSPGGSGNTIYF	14	outliers
CASSPGVSYEQYF	13	outliers
CASSLTGGDTEAFF	14	0_cluster
CASSPQSSGANVLTF	15	outliers
CASSGGPNTEAFF	13	5_cluster
CASSLYGNQPQHF	13	8_cluster
CASSFGGNQPQHF	13	2_cluster
CASSLGQGATDTQYF	15	1_cluster
CASSFGGANTEAFF	14	8_cluster
CASSREGNYGYTF	13	outliers
CASSLGSPYEQYF	13	0_cluster
CASSRDRANYGYTF	14	outliers
CASSLQGSYNSPLHF	15	3_cluster
CASSLDNTEAFF	12	outliers
CASSLGHSYEQYF	13	2_cluster
CASSLGQLYGYTF	13	1_cluster
CASSGTGSGNTIYF	14	1_cluster
CASSRQGSTEAFF	13	outliers
CASSLQGSNYGYTF	14	outliers
CASSLQGGTEAFF	13	outliers
CASSVGPNTGELFF	14	outliers
CASSLRVDQPQHF	13	outliers
CASSLYYGYTF	11	0_cluster
CASSLIGNQPQHF	13	outliers
CASSLGDSSYEQYF	14	0_cluster
CASSYQGNYGYTF	13	3_cluster
CASSLDGQPQHF	12	5_cluster
CASSDSYEQYF	11	2_cluster
CASSLGLAGDTQYF	14	3_cluster
CASSLGVGYEQYF	13	2_cluster
CASSRSNTEAFF	12	outliers
CASSSRLNTEAFF	13	4_cluster
CASSSDSYEQYF	12	5_cluster
CASSLNTDTQYF	12	3_cluster
CASSPGQGTNEKLFF	15	0_cluster
CASSLGQATEAFF	13	3_cluster
CASSLWGNQPQHF	13	2_cluster
CASSPGLAGTDTQYF	15	3_cluster
CASSLRNYGYTF	12	4_cluster
CASSLGRGNQPQHF	14	outliers
CASSLGQGDEQYF	13	outliers
CASSLEGAGNTIYF	14	0_cluster
CASSLGHLNTEAFF	14	outliers
CASSSRQGGTGELFF	15	0_cluster
CASSLGPSYEQYF	13	8_cluster
CASSLGQGAGANVLTF	16	outliers
CASSLTGTSGNTIYF	15	outliers
CASSLGTGGYEQYF	14	6_cluster
CASSSGTVYEQYF	13	outliers
CASSLDRTYEQYF	13	0_cluster
CASSFLGEKLFF	12	8_cluster
CASSLGQDQPQHF	13	outliers
CASSSDSSGNTIYF	14	outliers
CASSLDGSYEQYF	13	8_cluster
CASSLGPNYEQYF	13	outliers
CASSQDRGYGYTF	13	0_cluster
CASSPDRGGEQYF	13	outliers
CASSLAGTGTYEQYF	15	0_cluster
CASSLGTGYEQYF	13	0_cluster
CASSLGDNQPQHF	13	2_cluster
CASSLGVEAFF	11	outliers
CASSYSYNSPLHF	13	4_cluster
CASRRDYGYTF	11	outliers
CASSLQGGSPLHF	13	2_cluster
CASSLAGGNYEQYF	14	outliers
CASSTAYEQYF	11	2_cluster
CASSQGPSYEQYF	13	3_cluster
CASSQGQGGEKLFF	14	2_cluster
CASSPRQGGGYTF	13	5_cluster
CASSLGGRGTEAFF	14	2_cluster
CASSLTGGTYNEQFF	15	4_cluster
CASSLRGANYGYTF	14	0_cluster
CASSEGASNQPQHF	14	3_cluster
CASSLAGNQPQHF	13	3_cluster
CASSFRGYEQYF	12	3_cluster
CSARDSYEQYF	11	4_cluster
CASSSLGYEQYF	12	2_cluster
CASSFNTDTQYF	12	3_cluster
CASSPGQGNYEQYF	14	outliers
CASSPSNSPLHF	12	3_cluster
CASSSGTDYEQYF	13	outliers
CASSLDNTGELFF	13	outliers
CASSLGLIYEQYF	13	3_cluster
CASSWDSSYEQYF	13	outliers
CSARGGSSYNEQFF	14	4_cluster
CASSLEQGNTEAFF	14	4_cluster
CASSLGQNYGYTF	13	3_cluster
CASSSDRDTEAFF	13	outliers
CASSLTQNTEAFF	13	outliers
CASSIGQGSYEQYF	14	outliers
CASSSDRNTGELFF	14	outliers
CASSSGSTNEKLFF	14	outliers
CASSDRGNQPQHF	13	outliers
CASSLGANQPQHF	13	outliers
CASSRGQSYEQYF	13	1_cluster
CASSRGSSGNTIYF	14	outliers
CASSRGQGGEKLFF	14	4_cluster
CASSLGLAGTYEQYF	15	4_cluster
CASGTGGYEQYF	12	6_cluster
CASSSQGSGNTIYF	14	outliers
CASSRDRSNQPQHF	14	outliers
CASSFPGGTEAFF	13	0_cluster
CASSIRDSNQPQHF	14	3_cluster
CSARTSGSYEQYF	13	2_cluster
CASSESLNTEAFF	13	outliers
CASSGQGARTEAFF	14	outliers
CASSPGTSYEQYF	13	4_cluster
CASSAGETQYF	11	2_cluster
CASSPLGPGNTIYF	14	outliers
CASSLRQSYEQYF	13	2_cluster
CASSPGTGGGYTF	13	outliers
CASSPALNTEAFF	13	3_cluster
CASSRQGNEKLFF	13	3_cluster
CASSLGQGGTEAFF	14	3_cluster
CASSPRQGQETQYF	14	0_cluster
CASSLTGGGEKLFF	14	5_cluster
CASSSPPYEQYF	12	1_cluster
CASSLASGGTDTQYF	15	7_cluster
CASSSPGQGAYEQYF	15	outliers
CASSRTGTGNTIYF	14	outliers
CASSSGSSYEQYF	13	3_cluster
CASSLAGSMNTEAFF	15	outliers
CASSPGTASGNTIYF	15	outliers
CASSQDRAYEQYF	13	3_cluster
CASSLGLAGSNEQFF	15	2_cluster
CASSLATGTEAFF	13	outliers
CASSLGTGSYGYTF	14	outliers
CASSPSGYEQYF	12	outliers
CASSLDGMNTEAFF	14	4_cluster
CASSWTATNEKLFF	14	0_cluster
CASSPRQNTGELFF	14	1_cluster
CASSPGDYGYTF	12	outliers
CASSQGAGGYTF	12	2_cluster
CASSHSSYEQYF	12	outliers
CASSLVNSPLHF	12	7_cluster
CASSPTGYNSPLHF	14	3_cluster
CASSSLGEQYF	11	3_cluster
CASSLGNSGNTIYF	14	outliers
CASSVGRGNTEAFF	14	outliers
CASRDRGSYEQYF	13	6_cluster
CASSYSGLAGIYNEQFF	17	outliers
CASSLDSSYGYTF	13	5_cluster
CASSSGTGPYEQYF	14	3_cluster
CASSPRGGNTEAFF	14	4_cluster
CASSLGLAGSYEQYF	15	0_cluster
CASRYSNQPQHF	12	3_cluster
CASSSGQGGNSPLHF	15	1_cluster
CASSLVGNTEAFF	13	3_cluster
CASSLGQGTNYGYTF	15	7_cluster
CASSLGRGGQPQHF	14	outliers
CASSTGTGNEKLFF	14	outliers
CASSPSSSYEQYF	13	outliers
CASRGTANTGELFF	14	outliers
CASSLLRTEAFF	12	outliers
CASSLGLAGADTQYF	15	3_cluster
CASSVGTGGSYEQYF	15	outliers
CASSLDRGEQFF	12	outliers
CASSYEGNYGYTF	13	3_cluster
CASSLGLQETQYF	13	outliers
CASSLTGAEAFF	12	4_cluster
CASSPGQGNSPLHF	14	7_cluster
CASSRDSNQPQHF	13	5_cluster
CASSLEQGNSPLHF	14	3_cluster
CASSLGQGEAFF	12	3_cluster
CASSLASSYEQYF	13	7_cluster
CASSLGGLGYGYTF	14	3_cluster
CASSTGQGGETQYF	14	4_cluster
CASSLRQGAYEQYF	14	outliers
CASSLGGRSYEQYF	14	outliers
CASSLQGQNTEAFF	14	4_cluster
CASSLSGGSTDTQYF	15	0_cluster
CASSEGVQPQHF	12	outliers
CASSLQGGMNTEAFF	15	outliers
CASSQGNEQYF	11	outliers
CASSPGQGRGYTF	13	outliers
CASSFSTGELFF	12	outliers
CASSSGPNYEQYF	13	0_cluster
CASSLLGMNTEAFF	14	outliers
CASSLQGLSNQPQHF	15	outliers
CASSLGGYEQYF	12	outliers
CASSLVVSPYEQYF	14	3_cluster
CASSLNTGELFF	12	outliers
CASSYDSYEQYF	12	4_cluster
CASSYGTGSYEQYF	14	outliers
CASSQDTYEQYF	12	0_cluster
CASSLGDQPQHF	12	outliers
CASSGTGGTEAFF	13	outliers
CASSRANTEAFF	12	outliers
CASSLRQNTEAFF	13	3_cluster
CASSLTGYYGYTF	13	outliers
CASSLMGNQPQHF	13	7_cluster
CASSPPSSYEQYF	13	outliers
CASSSRGNTEAFF	13	1_cluster
CASSQDSSYEQYF	13	2_cluster
CASSPPGSGNTIYF	14	outliers
CASSQGQGGGYTF	13	2_cluster
CSARSGDQPQHF	12	0_cluster
CASSLGGNYEQYF	13	outliers
CASSQQGGNQPQHF	14	outliers
CASSLEGTYEQYF	13	2_cluster
CASSLEGVNTEAFF	14	3_cluster
CASSPGTSSYEQYF	14	outliers
CASSYYYEQYF	11	3_cluster
CASSPGTDNQPQHF	14	3_cluster
CASSLANSYEQYF	13	outliers
CASSPPGQPYEQYF	14	3_cluster
CASSTGQGNSPLHF	14	outliers
CASSRGQGNTGELFF	15	outliers
CASSQGPGNTIYF	13	11_cluster
CASSPQGANSPLHF	14	outliers
CASSQVGYEQYF	12	2_cluster
CASSLRGQSTDTQYF	15	outliers
CASSRGGSSGNTIYF	15	outliers
CASSPRLNTEAFF	13	4_cluster
CASSFGQGTYEQYF	14	4_cluster
CASSLLAGNTEAFF	14	outliers
CASSLVENTEAFF	13	5_cluster
CASRGSGNTIYF	12	3_cluster
CASSTGDYGYTF	12	outliers
CASSFPGTEAFF	12	5_cluster
CASSLGSSYNSPLHF	15	outliers
CASSESNSPLHF	12	outliers
CASSLGQVYEQYF	13	3_cluster
CASSLVAGTEAFF	13	8_cluster
CASSLGTGFYEQYF	14	3_cluster
CASSTGMNTEAFF	13	outliers
CASTGTGSTDTQYF	14	outliers
CASSLRGSYEQYF	13	2_cluster
CASSLGGQGAYEQYF	15	5_cluster
CASSLGTDTQYF	12	0_cluster
CASSLGAGTEAFF	13	outliers
CASSYGSYEQYF	12	outliers
CASSRGQSNTEAFF	14	11_cluster
CASSAGQGGNQPQHF	15	5_cluster
CASSLDRNNEQFF	13	8_cluster
CASSPYNSPLHF	12	3_cluster
CASSRTGTYEQYF	13	5_cluster
CASSLRSYNSPLHF	14	3_cluster
CASSEGTEAFF	11	11_cluster
CASSLGTGVNTEAFF	15	7_cluster
CASSLQLNTEAFF	13	outliers
CSVALGVNQPQHF	13	8_cluster
CASSPLLNTEAFF	13	7_cluster
CASSQGGELFF	11	outliers
CASSQGQAYEQYF	13	outliers
CASSIGGSGANVLTF	15	outliers
CASSLGPGSGNTIYF	15	3_cluster
CASSLGGDYGYTF	13	outliers
CASSGGQMNTEAFF	14	1_cluster
CASSQEGGTEAFF	13	outliers
CASSFQNYEQYF	12	6_cluster
CASSSGGNTEAFF	13	11_cluster
CASSSTGTYGYTF	13	0_cluster
CASSQGYGYTF	11	3_cluster
CASSQLYEQYF	11	outliers
CASSPGLASYEQYF	14	3_cluster
CASSPTGANTEAFF	14	3_cluster
CASSLTGRNTEAFF	14	3_cluster
CASSRQGSYNEQFF	14	outliers
CASSFGGGNQPQHF	14	3_cluster
CASSSNEKLFF	11	outliers
CASSWTGYEQYF	12	3_cluster
CASSQGLAGSYEQYF	15	3_cluster
CASSLRGGNSPLHF	14	3_cluster
CASSVAGGYEQYF	13	5_cluster
CASSLTSGSSYNEQFF	16	2_cluster
CASSLSGYEQYF	12	2_cluster
CASSQDNSPLHF	12	outliers
CASRTGGDYGYTF	13	11_cluster
CASSSGTSNQPQHF	14	5_cluster
CASSWDRAYEQYF	13	8_cluster
CASSPTGGNQPQHF	14	5_cluster
CASSLKLDSPLHF	13	2_cluster
CASSLIGELFF	11	outliers
CASSLGAGQPQHF	13	outliers
CASSLGQGRNQPQHF	15	outliers
CASSPRDYGYTF	12	4_cluster
CASSPGTDNYGYTF	14	2_cluster
CASSQGDYGYTF	12	8_cluster
CASSVGANTEAFF	13	3_cluster
CASSQTGGTEAFF	13	outliers
CASSLGQSSYNSPLHF	16	outliers
CASSLQGNYGYTF	13	outliers
CASSFQGYGYTF	12	outliers
CASSLGPGYEQYF	13	3_cluster
CASSLDGRNTEAFF	14	2_cluster
CASSRQGAYGYTF	13	0_cluster
CASSEAGGYEQYF	13	outliers
CASSLVQGNSPLHF	14	4_cluster
CASSLSGDNQPQHF	14	outliers
CASSLSGNSPLHF	13	3_cluster
CASSRGSTDTQYF	13	3_cluster
CASSPDRGGNQPQHF	15	outliers
CASSLDLNYGYTF	13	0_cluster
CASSLDRYEQYF	12	outliers
CASSQANTEAFF	12	8_cluster
CASSIGQGPYEQYF	14	outliers
CASSLTGGGTEAFF	14	6_cluster
CASSRGTGGETQYF	14	2_cluster
CASSPGGSYNSPLHF	15	0_cluster
CASSQQGNTEAFF	13	0_cluster
CASSSTGTEAFF	12	2_cluster
CASSQGQDNSPLHF	14	outliers
CASSLRTEAFF	11	outliers
CASSLDGGYGYTF	13	3_cluster
CASSPSGGSSYEQYF	15	outliers
CASNRDSNQPQHF	13	outliers
CASSLGPDQPQHF	13	outliers
CASSFRGGGYTF	12	0_cluster
CASSPDSYSNQPQHF	15	4_cluster
CASSLGGISGNTIYF	15	4_cluster
CASSLAGNSPLHF	13	0_cluster
CASSLAGTSYEQYF	14	2_cluster
CASSRGGNEKLFF	13	1_cluster
CASSPGPGNTEAFF	14	10_cluster
CASSPVGDTQYF	12	3_cluster
CASSTGGNQPQHF	13	9_cluster
CASSLQGAGNQPQHF	15	outliers
CASSLRGGEQYF	12	3_cluster
CASSLQGGGTEAFF	14	outliers
CASSLGGSGANVLTF	15	outliers
CASSQDRSYEQYF	13	3_cluster
CASSPRTGYGYTF	13	outliers
CASSLGGSTEAFF	13	3_cluster
CASSLGGGDTQYF	13	2_cluster
CASSLGVSYEQYF	13	1_cluster
CASSLAGQGNQPQHF	15	4_cluster
CASSLGQGRTGELFF	15	7_cluster
CASSLGQNTEAFF	13	5_cluster
CASSEQGGNQPQHF	14	2_cluster
CASSPNSYEQYF	12	7_cluster
CASSLGSSNQPQHF	14	5_cluster
CASSLDGSYGYTF	13	7_cluster
CASSLGGDQPQHF	13	2_cluster
CASSLGGGNTEAFF	14	outliers
CASSQGQGGSPLHF	14	3_cluster
CASSIQGGQPQHF	13	1_cluster
CSARAGVQETQYF	13	2_cluster
CASSLGGYNSPLHF	14	4_cluster
CASGGSYEQYF	11	6_cluster
CASSEGTGGYEQYF	14	5_cluster
CASSSGQGVYEQYF	14	outliers
CASSLTGTTEAFF	13	5_cluster
CASSLGQGSSYEQYF	15	1_cluster
CASSPRQGDGYTF	13	3_cluster
CASSPSGAGNTIYF	14	3_cluster
CASSQTGYEQYF	12	3_cluster
CASSPGQGLNTEAFF	15	4_cluster
CASSPGANTGELFF	14	outliers
CASRRTGGNQPQHF	14	3_cluster
CASSLTGSYEQYF	13	7_cluster
CASSQSSYNSPLHF	14	3_cluster
CASSLGQGGNSPLHF	15	outliers
CASSSEGNYGYTF	13	0_cluster
CSARGSYEQYF	11	5_cluster
CASSLGGAGANVLTF	15	3_cluster
CASSLLNTEAFF	12	3_cluster
CSARQGNQPQHF	12	7_cluster
CASSSLAGGNTGELFF	16	outliers
CASSFSYEQYF	11	3_cluster
CASSPQGSNYGYTF	14	3_cluster
CASSLAQTNTEAFF	14	3_cluster
CASSFGQSYEQYF	13	3_cluster
CASSPGRSNQPQHF	14	7_cluster
CASSPGRAYEQYF	13	outliers
CASSLGGGGQETQYF	15	3_cluster
CSARGDYGYTF	11	outliers
CASSYSRTGGGYGYTF	16	outliers
CASSQAYEQYF	11	outliers
CASSPRTGDGYTF	13	outliers
CASSLAQGQPQHF	13	3_cluster
CASSLGGSYNEQFF	14	outliers
CASSPRQGPYEQYF	14	outliers
CASSLLSSGNTIYF	14	7_cluster
CASSAGQGNSPLHF	14	outliers
CASSSQGAGELFF	13	3_cluster
CASSPEGNTIYF	12	3_cluster
CASSSRQGNTEAFF	14	8_cluster
CASSLDGQNTEAFF	14	outliers
CASSLDTYEQYF	12	outliers
CASSLSPQETQYF	13	outliers
CASSPTGAGNQPQHF	15	3_cluster
CASSQASNQPQHF	13	outliers
CASRGQANYGYTF	13	3_cluster
CASSLGGVNQPQHF	14	7_cluster
CASSPWTGSYEQYF	14	3_cluster
CASSSGNEKLFF	12	3_cluster
CASSPGYEQYF	11	3_cluster
CASSPDGSYEQYF	13	2_cluster
CASSLGGGNSPLHF	14	7_cluster
CASSEGGNTIYF	12	5_cluster
CASSLGTEAFF	11	3_cluster
CASSRSGGAYNEQFF	15	2_cluster
CASSPGSYGYTF	12	5_cluster
CASSPQGAGTEAFF	14	3_cluster
CASSYGQGGQPQHF	14	outliers
CASSLAGQGAYEQYF	15	outliers
CASSLAGGYEQYF	13	outliers
CASSLGQGNYEQYF	14	3_cluster
CASSLGTGDYGYTF	14	5_cluster
CASSRDRGYEQYF	13	outliers
CASSRQNSPLHF	12	outliers
CASSLAGNSYEQYF	14	6_cluster
CASSPRTGYEQYF	13	outliers
CASSLGQNYEQYF	13	4_cluster
CASSQGADTEAFF	13	0_cluster
CASSSGQGGYEQYF	14	outliers
CASSVAGGSYEQYF	14	outliers
CASSLDRVSPLHF	13	3_cluster
CASSQEGNYGYTF	13	4_cluster
CASSLERGTEAFF	13	1_cluster
CASSLGGSQETQYF	14	outliers
CASSLSGATDTQYF	14	outliers
CASSLGEGYEQYF	13	outliers
CASSFEGYEQYF	12	1_cluster
CASSLSGANYGYTF	14	3_cluster
CAWSIREKLFF	11	3_cluster
CASSLEVGEQYF	12	3_cluster
CASSQVGSPLHF	12	2_cluster
CASSYYTEAFF	11	5_cluster
CASSSQSSYNSPLHF	15	outliers
CASSLLGANTEAFF	14	5_cluster
CASSPGQGFYEQYF	14	outliers
CASSRTGNTEAFF	13	8_cluster
CASSPTSSYEQYF	13	3_cluster
CASSLRQGDGYTF	13	5_cluster
CASSLGGRNTEAFF	14	outliers
CASSGDSYEQYF	12	2_cluster
CASSLVGGQETQYF	14	outliers
CASSLGREAFF	11	5_cluster
CASSMTGNTEAFF	13	outliers
CASSLAGGNSPLHF	14	2_cluster
CASSAGAGNTIYF	13	2_cluster
CASSPSYEQYF	11	5_cluster
CASSLGHSNTEAFF	14	5_cluster
CASSQQGNYGYTF	13	outliers
CASSQDQNTEAFF	13	2_cluster
CASSPSSSYNEQFF	14	5_cluster
CASSPGTVNTGELFF	15	1_cluster
CASSLGDSSGNTIYF	15	outliers
CASSLGGVYEQYF	13	7_cluster
CASSSGPSYEQYF	13	outliers
CASSYTGGNQPQHF	14	5_cluster
CASSSQGLNTEAFF	14	8_cluster
CASSADSYEQYF	12	7_cluster
CASREGNSPLHF	12	outliers
CASSLDRNSPLHF	13	5_cluster
CASSQTGNSPLHF	13	3_cluster
CASSPGLAGYNEQFF	15	outliers
CASSLGSGSYEQYF	14	4_cluster
CASSLDGNQPQHF	13	5_cluster
CASSQGLAGGTDTQYF	16	3_cluster
CASSGGYEQYF	11	7_cluster
CASSSVGTEAFF	12	8_cluster
CASSPRQGRTEAFF	14	3_cluster
CASSRDTNTEAFF	13	3_cluster
CASSLGSAYEQYF	13	1_cluster
CASSFGQGNSPLHF	14	outliers
CASSTGLAGYNEQFF	15	8_cluster
CASSRGQGGQPQHF	14	5_cluster
CASSLAGSNSPLHF	14	5_cluster
CASSLEGGGNQPQHF	15	3_cluster
CASSSTGNTIYF	12	2_cluster
CASSRENTEAFF	12	5_cluster
CASSLGQKNTEAFF	14	3_cluster
CASSPPNSPLHF	12	1_cluster
CASSLLENTEAFF	13	5_cluster
CSARRDSRTDTQYF	14	1_cluster
CASSEGGEQYF	11	outliers
CASSVGYEQYF	11	3_cluster
CASSITGGTEAFF	13	7_cluster
CASSLDRGDSPLHF	14	outliers
CASSLSTGNYGYTF	14	5_cluster
CASSRQGTGNTIYF	14	5_cluster
CASSLGSGYTF	11	3_cluster
CASSLGRSNYGYTF	14	3_cluster
CASSSGANTGELFF	14	5_cluster
CASSLLNEKLFF	12	3_cluster
CASSLGQTYEQYF	13	3_cluster
CASSLAGGDQPQHF	14	outliers
CASSRLAGGNEQFF	14	outliers
CASSDGSYEQYF	12	outliers
CASSLTGGSSYEQYF	15	3_cluster
CASSTYYEQYF	11	5_cluster
CASSPEGNYGYTF	13	2_cluster
CASSLGLGYEQYF	13	1_cluster
CASSLAGYEQYF	12	4_cluster
CASSSGQGSYEQYF	14	5_cluster
CASSLGYTEAFF	12	outliers
CASSLVREETQYF	13	outliers
CSARKGADTQYF	12	2_cluster
CASSSPGYEQYF	12	2_cluster
CASSLGDSYEQYF	13	outliers
CASSVSYEQYF	11	5_cluster
CASSLKGIGNQPQHF	15	3_cluster
CASSFGGGYTF	11	outliers
CASSLGNSYEQYF	13	0_cluster
CASSLRDRGYEQYF	14	3_cluster
CASSTSGYEQYF	12	5_cluster
CASSRGGSYEQYF	13	outliers
CASSLVRGTEAFF	13	4_cluster
CASSPPPNTEAFF	13	outliers
CASSSGGGSNQPQHF	15	5_cluster
CASSLTGGSTEAFF	14	outliers
CASSSRTGGTEAFF	14	3_cluster
CASSLTGTAYEQYF	14	0_cluster
CASSRASYEQYF	12	outliers
CASSLAPGELFF	12	outliers
CASSLGTGGTDTQYF	15	outliers
CASSLEGGNSPLHF	14	0_cluster
CASSLSGATNEKLFF	15	6_cluster
CASSLDTNTGELFF	14	4_cluster
CASSLTPSYEQYF	13	0_cluster
CASSYNEKLFF	11	outliers
CASSLGAGGYTF	12	0_cluster
CASSSEGNTEAFF	13	3_cluster
CASSPGDSYEQYF	13	3_cluster
CASSLGAGGQETQYF	15	outliers
CASSELGYEQYF	12	outliers
CASSLRDSYEQYF	13	3_cluster
CASSPGGGEKLFF	13	outliers
CASSLKGYEQYF	12	3_cluster
CASSYAYEQYF	11	2_cluster
CASRGTGNSPLHF	13	outliers
CASSLVQNTEAFF	13	outliers
CASSPLSGNTIYF	13	outliers
CASSLQDYGYTF	12	outliers
CASSSQGTDTQYF	13	outliers
CASSLSQGYEQYF	13	0_cluster
CASSAGTSYEQYF	13	0_cluster
CASSFDSNTEAFF	13	5_cluster
CASSLGLNEKLFF	13	3_cluster
CASSLTSSYEQYF	13	4_cluster
CASSSGDYGYTF	12	outliers
CASSQDSYEQYF	12	3_cluster
CASSPRQGGYEQYF	14	3_cluster
CASSESGYEQYF	12	9_cluster
CASSSTGVGNTIYF	14	outliers
CASSLRATNEKLFF	14	outliers
CASSLVWGNQPQHF	14	5_cluster
CASRGLAGGYEQYF	14	3_cluster
CASSLDSNSPLHF	13	outliers
CASSVGGGNQPQHF	14	outliers
CASSPGPNYEQYF	13	1_cluster
CASSLGSGGYNEQFF	15	outliers
CASSLGTSYEQYF	13	3_cluster
CASSSSGTGYQPQHF	15	2_cluster
CASSSGLAYEQYF	13	outliers
CASSPELNTEAFF	13	outliers
CASSQGPNYEQYF	13	outliers
CASSPGISGNTIYF	14	outliers
CASSVGQGSYEQYF	14	0_cluster
CASSQSMNTEAFF	13	3_cluster
CASRTGGGNQPQHF	14	3_cluster
CASSLGRAYEQYF	13	outliers
CASSLTGRTEAFF	13	5_cluster
CASSQGQGTYEQYF	14	outliers
CASSLGGTYEQYF	13	11_cluster
CASSPAGNTEAFF	13	2_cluster
CASSSGQGNTIYF	13	1_cluster
CASSLGTGTYEQYF	14	outliers
CASSLVMNTEAFF	13	5_cluster
CASSFGGPYEQYF	13	2_cluster
CASSPGGSNYGYTF	14	5_cluster
CASSSLNSPLHF	12	3_cluster
CASSQGAGTEAFF	13	7_cluster
CASSQDSSGNTIYF	14	outliers
CASSVTGNYGYTF	13	3_cluster
CASSQDLNTEAFF	13	2_cluster
CASSQDRGNSPLHF	14	5_cluster
CASSAGYEQYF	11	3_cluster
CASSRRGNTGELFF	14	7_cluster
CASSQGQGSYEQYF	14	outliers
CASSLSGNQPQHF	13	11_cluster
CASSLGVNTEAFF	13	outliers
CAWSGSGNTIYF	12	outliers
CASSLTGGADTQYF	14	3_cluster
CASSLGQYNSPLHF	14	4_cluster
CASSQDRANTEAFF	14	outliers
CASSLAGAYEQYF	13	outliers
CASSSRDSYEQYF	13	outliers
CASSLDRGEKLFF	13	3_cluster
CASSRNSNQPQHF	13	3_cluster
CASSLDRGTEAFF	13	2_cluster
CASSPRGAEAFF	12	3_cluster
CASSLTSGYNEQFF	14	7_cluster
CASSLENTEAFF	12	outliers
CASSLRTANTEAFF	14	1_cluster
CASRGDSYEQYF	12	outliers
CASSGGGNTEAFF	13	2_cluster
CAWSVRDNQPQHF	13	outliers
CASSFLSGTDTQYF	14	0_cluster
CASSQQMNTEAFF	13	5_cluster
CASSRGQGPYEQYF	14	5_cluster
CASSLSETQYF	11	4_cluster
CASSSLSGANVLTF	14	2_cluster
CASSLKLDTEAFF	13	5_cluster
CASSLTGDNSPLHF	14	5_cluster
CASSSQGNYGYTF	13	1_cluster
CASSTGSYGYTF	12	2_cluster
CASSLDFYEQYF	12	1_cluster
CASSSSGYEQYF	12	outliers
CASSLLGQNTEAFF	14	outliers
CASSLGTGGNTEAFF	15	5_cluster
CASSRDLNTEAFF	13	outliers
CASSLGQINYGYTF	14	3_cluster
CASSTYNEQFF	11	3_cluster
CASSLESSYEQYF	13	2_cluster
CASSLAGDSYEQYF	14	2_cluster
CASSLGLEAFF	11	2_cluster
CASSPTVSGNTIYF	14	5_cluster
CSAKQGANTGELFF	14	outliers
CASSLSRGYEQYF	13	5_cluster
CASSFSGGYNEQFF	14	5_cluster
CASSLAGTGSYEQYF	15	outliers
CASSLAGTYEQYF	13	2_cluster
CASSLTGETEAFF	13	5_cluster
CASSPTSNQPQHF	13	outliers
CASSLGLSNQPQHF	14	6_cluster
CASSLGVNSPLHF	13	outliers
CASSSPGQGYEQYF	14	2_cluster
CASSLGGQNTEAFF	14	outliers
CASSPTNTEAFF	12	outliers
CASSLDNSYEQYF	13	outliers
CASSLTGGNQPQHF	14	outliers
CASSPGLYGYTF	12	0_cluster
CASSDGGTDTQYF	13	3_cluster
CASSDRGPTDTQYF	14	2_cluster
CSARVGNTEAFF	12	3_cluster
CASTQGYGYTF	11	3_cluster
CASSLGGQGNSPLHF	15	3_cluster
CASSLSPNQPQHF	13	5_cluster
CASSRNEKLFF	11	3_cluster
CASSLYQETQYF	12	2_cluster
CSARTGVGQPQHF	13	7_cluster
CASSSGTGGYNEQFF	15	5_cluster
CASSLGTGVYEQYF	14	outliers
CASSLDSYEQYF	12	3_cluster
CASSRDSSYNSPLHF	15	0_cluster
CASSPGGNTEAFF	13	3_cluster
CASSFGQGDGYTF	13	0_cluster
CASSPGQSYNEQFF	14	3_cluster
CASSPRVTEAFF	12	4_cluster
CASSGEGYEQYF	12	7_cluster
CASSLTGDTEAFF	13	outliers
CASSSGNSPLHF	12	5_cluster
CASSSGQGAYEQYF	14	2_cluster
CASSQGSYGYTF	12	3_cluster
CASSLGAGNTEAFF	14	2_cluster
CASSQQGAGNTIYF	14	outliers
CASSLGTNQPQHF	13	3_cluster
CASSLAGRNTEAFF	14	5_cluster
CASSPNYGYTF	11	5_cluster
CASSYTVNTEAFF	13	outliers
CASSLGQSNTEAFF	14	4_cluster
CASSYSGSPLHF	12	outliers
CASSLAGYGNTIYF	14	2_cluster
CASSLNRNQPQHF	13	outliers
CASSPGQGYYGYTF	14	3_cluster
CASSQDSSYNSPLHF	15	2_cluster
CASSQGTEAFF	11	outliers
CASSLRTDSYEQYF	14	5_cluster
CASSSNYGYTF	11	5_cluster
CASTRQGNTEAFF	13	outliers
CASSLGENQPQHF	13	3_cluster
CASSPPTESYGYTF	14	0_cluster
CASSVDQGAKETQYF	15	10_cluster
CASSSGANTEAFF	13	2_cluster
CASSLDRGTYEQYF	14	2_cluster
CASSLKGNTEAFF	13	7_cluster
CASSRGGGYEQYF	13	outliers
CASRAGMNTEAFF	13	4_cluster
CASSPDRANSPLHF	14	outliers
CASSLGDGNTEAFF	14	0_cluster
CASSSGAGNQPQHF	14	3_cluster
CASSLLDQPQHF	12	8_cluster
CASSLQGSTDTQYF	14	1_cluster
CASSPGTSYGYTF	13	7_cluster
CASSYANTEAFF	12	2_cluster
CASSLEGSSYNEQFF	15	0_cluster
CASSLTASNQPQHF	14	3_cluster
CASSLGTGGNYGYTF	15	7_cluster
CASSLVRTGELFF	13	outliers
CASSPGTGGNTIYF	14	outliers
CASSLESYGYTF	12	2_cluster
CASSLQGNNSPLHF	14	5_cluster
CASSRLGTEAFF	12	3_cluster
CASSLDSTNEKLFF	14	3_cluster
CASSWGGNQPQHF	13	3_cluster
CASSPGQYGYTF	12	3_cluster
CASSFTGYEQYF	12	outliers
CASSVGLNTEAFF	13	4_cluster
CASSSTGAGNTIYF	14	2_cluster
CASSFTGGTEAFF	13	5_cluster
CASSLDPNYGYTF	13	3_cluster
CSARGTGNYGYTF	13	5_cluster
CASSLGGNTEAFF	13	4_cluster
CASSVDRGTEAFF	13	0_cluster
CASSRTGAGNTIYF	14	0_cluster
CASSGTGNTEAFF	13	2_cluster
CASSWGLNTEAFF	13	4_cluster
CASSLGRNSPLHF	13	3_cluster
CASSLGGSGNTIYF	14	3_cluster
CASSLGTGEKLFF	13	7_cluster
CASSLMGQPQHF	12	outliers
CASSLGQGPYEQYF	14	5_cluster
CASSLARGYEQYF	13	5_cluster
CASSPGGNSPLHF	13	3_cluster
CASSPDSYYGYTF	13	5_cluster
CASSLDRGRGYTF	13	2_cluster
CASSPRSSYEQYF	13	3_cluster
CASSLYNEQFF	11	11_cluster
CASSLSGANTGELFF	15	outliers
CASSFGGDYGYTF	13	3_cluster
CASSLGQINSPLHF	14	3_cluster
CASSLGGTNYGYTF	14	2_cluster
CASSLTGAYNEQFF	14	2_cluster
CASSLGGAYNSPLHF	15	4_cluster
CASSPGTGDTEAFF	14	2_cluster
CASSLGTDQPQHF	13	outliers
CASSLAAGAYEQYF	14	outliers
CASSLVGSSGNTIYF	15	outliers
CASSQAGGNTGELFF	15	0_cluster
CASSLEGGEQYF	12	3_cluster
CASSLLAGGETQYF	14	2_cluster
CASSLTGYEQYF	12	3_cluster
CASSLRGGTEAFF	13	outliers
CASSWGGNTEAFF	13	0_cluster
CASSLGTGHYGYTF	14	0_cluster
CASSQGYNSPLHF	13	0_cluster
CASSPGPGNTIYF	13	3_cluster
CASSLTGSGNTIYF	14	5_cluster
CASSIDSYGYTF	12	11_cluster
CASSQDPNYGYTF	13	3_cluster
CASSLTGSNYGYTF	14	outliers
CASSLAVSNQPQHF	14	8_cluster
CASSLRGYEQYF	12	3_cluster
CASSPGQGGYEQYF	14	3_cluster
CASSYGGNQPQHF	13	2_cluster
CASSFLTDTQYF	12	2_cluster
CASSVGSGNTIYF	13	5_cluster
CASRQGASNQPQHF	14	outliers
CASSPLGGSYEQYF	14	8_cluster
CASSLGANSGNTIYF	15	outliers
CASSPGLAGSYEQYF	15	2_cluster
CASTRGGSGNTIYF	14	0_cluster
CASSLGSEKLFF	12	outliers
CASRGQGYEQYF	12	outliers
CASSGQGATNEKLFF	15	1_cluster
CASSSRTEAFF	11	outliers
CASSLLQGNTGELFF	15	outliers
CASSLDRYTEAFF	13	outliers
CASSRSGNTIYF	12	3_cluster
CASSRQGRTEAFF	13	outliers
CASSQGLAGGYEQYF	15	outliers
CASSFERNTEAFF	13	outliers
CASSFQGTYEQYF	13	4_cluster
CASSLGFTEAFF	12	0_cluster
CASSLQGVNEKLFF	14	3_cluster
CASSTSYEQYF	11	outliers
CASSQIYEQYF	11	4_cluster
CASSFATNEKLFF	13	outliers
CASSRDTYEQYF	12	2_cluster
CASSSGTNTEAFF	13	outliers
CASSSQGSTEAFF	13	7_cluster
CASSLFSYEQYF	12	outliers
CASSSGLNTEAFF	13	3_cluster
CASSERETQYF	11	outliers
CASSRMNTEAFF	12	outliers
CASSPTGSYEQYF	13	outliers
CASSQGTGGYEQYF	14	outliers
CASSPDSTEAFF	12	outliers
CASSSAGYEQYF	12	7_cluster
CASSQDLGNTEAFF	14	outliers
CASSYSGSGNTIYF	14	7_cluster
CASSPGQGAEAFF	13	outliers
CASSYSGEKLFF	12	0_cluster
CASSWTANTEAFF	13	2_cluster
CASSQVGNTIYF	12	outliers
CASSLGSGYEQYF	13	4_cluster
CASSPTGEYGYTF	13	outliers
CASSLQGTNTEAFF	14	8_cluster
CASSLEGEQYF	11	8_cluster
CASSFAGSGNTIYF	14	outliers
CASSVDMNTEAFF	13	outliers
CASSLPGSGNTIYF	14	outliers
CASSLVGTYEQYF	13	outliers
CASSVEVNTEAFF	13	2_cluster
CASSLGNNSPLHF	13	outliers
CASSTGNYGYTF	12	outliers
CASSLGQASYEQYF	14	outliers
CASSTGGNTEAFF	13	outliers
CASSRGTGANYGYTF	15	outliers
CASSLGQNQPQHF	13	outliers
CASSLGLAGDNEQFF	15	outliers
CASSPRTGSSYEQYF	15	outliers
CASSDRNSPLHF	12	outliers
CASSLGNSPLHF	12	outliers
CASSLGRNYGYTF	13	9_cluster
CASSRDSYEQYF	12	outliers
CASSRELNTEAFF	13	4_cluster
CASSFGSPLHF	11	outliers
CASSLGVDQPQHF	13	outliers
CASSLVLGTEAFF	13	outliers
CASSFLGGNQPQHF	14	outliers
CASSRDRYEQYF	12	outliers
CSARAGHEQYF	11	outliers
CASSWDTGELFF	12	4_cluster
CASSLGRYGYTF	12	4_cluster
CASSLANTEAFF	12	outliers
CASSEEGNYGYTF	13	outliers
CASSLQGTNYGYTF	14	outliers
CASSPGVNYGYTF	13	2_cluster
CASSYDSSGNTIYF	14	outliers
CASSYGGGNQPQHF	14	4_cluster
CASSLGRTGELFF	13	outliers
CASSSQGGEQYF	12	0_cluster
CASSLVGSTEAFF	13	outliers
CASSLVQGTEAFF	13	outliers
CASSLEGGGTEAFF	14	outliers
CASSFGGAYEQYF	13	3_cluster
CASSQGGNQPQHF	13	0_cluster
CASSLMNTEAFF	12	4_cluster
CASSLEGQNTEAFF	14	outliers
CASSLEENTEAFF	13	outliers
